subject_id,label,f0,f1,f2,f3,f4,f5,f6,f7,f8,f9,f10,f11,f12,f13,f14,f15,f16,f17,f18,f19,f20,f21,f22,f23,f24,f25,f26,f27,f28,f29,f30,f31,f32,f33,f34,f35,f36,f37,f38,f39,f40,f41,f42,f43,f44,f45,f46,f47,f48,f49,f50,f51,f52,f53,f54,f55,f56,f57,f58,f59,f60,f61,f62,f63,f64,f65,f66,f67,f68,f69,f70,f71,f72,f73,f74,f75,f76,f77,f78,f79,f80,f81,f82,f83,f84,f85,f86,f87,f88,f89,f90,f91,f92,f93,f94,f95,f96,f97,f98,f99,f100,f101,f102,f103,f104,f105,f106,f107,f108,f109,f110,f111,f112,f113,f114,f115,f116,f117,f118,f119,f120,f121,f122,f123,f124,f125,f126,f127,f128,f129,f130,f131,f132,f133,f134,f135,f136,f137,f138,f139,f140,f141,f142,f143,f144,f145,f146,f147,f148,f149,f150,f151,f152,f153,f154,f155,f156,f157,f158,f159,f160,f161,f162,f163,f164,f165,f166,f167,f168,f169,f170,f171,f172,f173,f174,f175,f176,f177,f178,f179,f180,f181,f182,f183,f184,f185,f186,f187,f188,f189,f190,f191,f192,f193,f194,f195,f196,f197,f198,f199,f200,f201,f202,f203
1003,0,67.5,1003.0,12.0,363615.93051470583,364109.59550000005,497.66447794117397,797.0310845588236,504.7132352941176,797.0310845588236,507.1080514705883,0.8314630039447896,0.8052332090522535,1003.0,12.0,136.0,67682.36899999969,72973.58600000001,497.66447794117414,135.0,5835.148000000333,43.22331851852102,139.05013357403993,5.210526315789473,0.0,19.0,19.0,99.0,118.0,1388.9265599999949,2.68,2681.2243999999855,1104.268132914358,0.0,2.39,482.87963999999454,0.3671599121336314,1260.655709999997,1211.3815699999936,129.23062999999908,128.2708499999979,0.28,364980000.11278564,835.6695856853181,511.82286677262016,830.2106302405875,507.4018616758919,3.9257845125226067,3.703671288430974,1003.0,67.0,1003.0,12.0,363832.8904518519,363876.11377037043,43.223318518521005,793.7666666666667,509.77888888888896,504.23177777777784,137.8666296296296,11.077333333333332,105.04073337156179,25.790846773046432,499.9077943590381,268.8899071747976,791.4587777777779,114.50612936182992,606.8960684754904,139.05013357403993,70.0,1003.0,158.0,853268.8117446809,853669.146035461,404.33378723403524,835.5223758865249,477.1099290780142,835.5223758865249,483.8694326241135,0.6788832948340915,0.7652714933773835,1003.0,158.0,141.0,57011.06399999897,61314.61000000001,404.3337872340352,140.0,4867.47500000021,34.76767857143006,102.83468074095472,8.0,0.0,12.0,12.0,96.0,108.0,1082.9351869158863,2.5794392523364484,2090.739065420518,750.3996055726295,0.11214953271028037,2.364485981308411,357.87616822428816,0.3432928623744673,990.0776074766322,952.0260934579223,93.34343925233665,92.85757943925395,0.18691588785046728,855010238.1562744,858.5104291677536,497.1948004174276,843.8264505609184,499.501927341508,4.006342942864597,3.772063005478737,1003.0,69.5,1003.0,158.0,853440.6003428572,853475.3680214286,34.76767857143007,831.5308928571429,486.15667857142853,480.8886428571429,101.63382142857144,10.080107142857143,71.24208972355224,14.165146360233452,227.37452618732712,73.67438952865645,832.5163571428571,75.76512984506408,246.29424546846167,102.83468074095472,107.5,1003.0,166.0,1008762.5932361111,1009305.1379027778,546.5443518518538,818.4893287037038,465.3449074074074,818.4893287037038,478.53177083333327,0.7657520275858182,0.7753376327890885,1003.0,166.0,216.0,118053.58000000045,125825.06700000002,546.5443518518538,215.0,8635.418999999878,40.16473953488314,71.78616246644596,5.3999999999999995,0.0,20.0,20.0,108.0,128.0,2163.446256880737,3.779816513761468,4184.586862385333,1126.2972216533187,0.045871559633027525,3.3211009174311927,614.6930642201845,0.2932319028485382,1955.4283119266054,1888.4216055045888,203.87182568807748,208.0179449541317,0.30275229357798167,1009106458.551335,863.0650200254291,469.74911570247934,840.6197527018437,466.8169704386523,4.02361729179911,3.8116834075015893,1003.0,107.0,1003.0,166.0,1009013.4467162789,1009053.611455814,40.164739534883154,819.1990232558142,479.98506976744187,476.80927906976757,67.60855813953488,12.868116279069767,71.73215472130956,32.46258706452148,547.3351612567991,337.47113593198816,814.4620000000001,83.82981563222047,651.0031808936365,71.78616246644599
1016,0,82.5,1016.0,12.0,538143.312445783,538734.8264216867,595.5134337349393,829.2585090361445,518.9156626506024,829.2585090361445,516.7364759036145,0.8522728388126258,0.8217147971341013,1016.0,12.0,166.0,98855.22999999997,103938.84799999997,595.5134337349391,165.0,5747.528000000631,34.83350303030687,111.5430867488555,5.055555555555556,0.0,18.0,18.0,91.0,109.0,2027.93799999999,3.28,3940.4474799999944,1379.03853950581,0.0,2.9,621.6983999999956,0.46400072187034275,1779.840679999992,1727.406060000002,242.81767999999516,248.09731999999786,0.2,543528499.5021355,826.2549305475394,557.6284928238871,838.8929216206857,539.42885913271,3.677445842471815,3.786417330409019,1016.0,82.0,1016.0,12.0,538390.8197818182,538425.6532848484,34.83350303030686,829.7006363636365,518.0755454545455,517.3273939393939,108.81539393939394,11.512636363636366,101.60580423494062,36.70404156678558,396.3430878348409,185.82238396552373,826.0368181818183,117.24966490664696,457.4709231365657,111.54308674885547,101.5,1016.0,158.0,1110655.722142157,1111184.0674166665,532.3448970588244,814.9605024509805,482.61764705882354,814.9605024509805,469.21778186274514,0.9312004758623598,0.7910929647782126,1016.0,158.0,204.0,108598.35900000013,115105.80000000006,532.3448970588242,203.0,7323.363999997731,36.07568472905285,72.4148783509322,9.0,0.0,11.0,11.0,99.0,110.0,2064.829000000024,3.794392523364486,3984.843813084118,1010.6870008875937,0.04672897196261682,3.588785046728972,502.2321588785026,0.356519045239787,1966.407439252353,1894.7481121495323,97.67379439252682,98.4215607476708,0.14018691588785046,1113894023.4040766,850.6629299628459,480.9350807319699,853.798265912011,470.65210250355915,3.5446015486648847,3.6261453522691762,1016.0,101.0,1016.0,158.0,1110887.038458128,1110923.1141428573,36.07568472905287,814.1951477832512,469.8664285714286,467.0953201970443,69.82729064039407,11.206034482758625,100.7998453086719,58.04643688600646,389.11018055725646,268.1705594244714,806.6377586206897,124.829011194003,480.66047953114344,72.41487835093221,142.5,1016.0,166.0,1347763.9922272728,1348395.9904825175,635.9979720279725,829.7799737762238,486.3356643356643,829.7799737762238,472.8443181818181,0.9821291654449539,0.9846085807009571,1016.0,166.0,286.0,181895.42000000022,191394.97700000007,635.9979720279723,285.0,10643.47599999956,37.34552982455985,49.29631361452832,6.625,0.0,16.0,16.0,106.0,122.0,3428.0643761467995,5.137614678899083,6619.733321100918,1361.3553444436168,0.027522935779816515,4.36697247706422,602.6949541284467,0.3649622024911626,2883.3455137614706,2778.5794770642156,531.2871834862435,544.7188623853289,0.23853211009174313,1346045467.8599102,820.4881596489396,453.56641019747155,817.4375935638909,454.0924338104692,3.2957387942743703,3.3828011702016503,1016.0,142.0,1016.0,166.0,1348068.4641789475,1348105.8097087718,37.345529824559854,831.2028771929824,472.50831578947367,470.54989473684213,44.804315789473684,11.510245614035089,79.7197130806253,60.64754174482787,418.0273757871413,314.2738995675794,824.4794385964911,108.02901569373968,539.0064809011975,49.29631361452834
1019,0,78.5,1019.0,12.0,2935882.6386582283,2936222.6097025317,343.9706202531499,816.0766613924051,524.246835443038,816.0766613924051,533.2696518987342,0.6337425901507981,0.582458201059071,1019.0,12.0,158.0,54347.35799999766,60130.72200000007,343.9706202531499,157.0,6415.297000000253,40.86176433121181,137.94765228949012,5.76470588235294,0.0,17.0,17.0,98.0,115.0,1132.8268300000113,3.1,2145.2581199999154,752.2376453092953,0.0,2.79,336.3323400000017,0.44589191453469107,1012.63973999999,954.4826399999578,118.14641999999992,120.18709000002127,0.25,2938586822.7694864,795.3678617983506,562.9664159350891,804.1211359404095,558.9905992285182,3.3120198191008248,3.359179303006119,1019.0,78.0,1019.0,12.0,2936016.0646624207,2936056.926426752,40.8617643312118,811.6856687898089,534.9007006369427,532.1451592356689,132.69019108280253,18.08114649681529,109.21813336742817,27.706818033340888,582.1208514005369,231.22928987346876,813.7698726114651,119.74222266040039,646.5403816881795,137.94765228949012,110.5,1019.0,158.0,3492175.751968468,3492515.4342972976,343.681671171189,858.1811711711712,493.97747747747746,858.1811711711712,512.2259459459461,0.5875783667328396,0.5512418959171741,1019.0,158.0,222.0,76297.33100000396,84324.56100000023,343.68167117118895,221.0,8915.08399999654,40.339746606319174,90.86269035841202,3.5151515151515147,0.0,33.0,33.0,116.0,149.0,1498.262644859823,4.11214953271028,2821.2881495328534,687.5802284295946,0.028037383177570093,3.4205607476635516,340.3489626168282,0.4202115734472634,1274.9217102803796,1191.3021588785505,219.34191588787624,223.34093457944343,0.48598130841121495,3493220414.664406,842.7873824994072,510.43001138249934,844.9946881669433,503.1757012093906,3.3830078254683427,3.3990756461939773,1019.0,110.0,1019.0,158.0,3492321.4739728505,3492361.813719457,40.33974660631918,855.0219683257918,512.6047737556561,511.33500000000004,90.03404977375567,8.446742081447965,121.40479649756793,41.81744304074995,895.7417435671987,388.02878607581295,859.1419457013575,134.8048547632663,990.8447612268782,90.86269035841205,137.0,1019.0,166.0,3672983.1370981825,3673463.662276364,484.5248690908944,807.6753090909092,450.8909090909091,807.6753090909092,459.4811363636364,0.6574101348532055,0.5599683616706266,1019.0,166.0,275.0,133244.33899999596,143599.39000000016,484.52486909089436,274.0,11454.966000000017,41.80644525547451,84.86789075717078,3.939393939393938,0.0,33.0,33.0,130.0,163.0,2545.8297155963496,4.990825688073395,4865.333541284255,1053.1384013046334,0.01834862385321101,3.770642201834862,510.0380733944903,0.3633896472464855,1972.411532110116,1879.8329724770235,552.8337981651041,573.4181834862337,0.5871559633027523,3672032630.4903216,791.4401888316389,448.8863743211252,793.0669889987468,442.7402063779418,3.3229614259852385,3.3475719259156107,1019.0,136.5,1019.0,166.0,3673206.8496934306,3673248.6561386865,41.80644525547451,808.1394525547445,460.18173357664233,459.5794890510949,83.79791970802918,9.67709854014598,76.51264623853048,25.025424016305486,572.7473527290293,271.6028299142174,804.8220802919708,85.31542835557805,641.124376773216,84.86789075717078
1040,0,94.5,1040.0,12.0,7472839.905294737,7473190.944026316,355.03846315790554,817.7611842105263,540.1684210526316,817.7611842105263,525.0576447368421,0.9635159004124061,0.8904577741396901,1040.0,12.0,190.0,67457.30800000206,77077.27799999993,355.0384631579056,189.0,10379.918999996036,54.92020634918539,137.1431214778836,4.952380952380952,0.0,21.0,21.0,104.0,125.0,1457.7460800000001,3.76,2674.129960000068,834.0493059704339,0.0,3.29,351.97774000003005,0.4130513997557542,1268.6742299999855,1152.6750300000235,184.38995000001043,189.07185000001454,0.35,7474661423.294454,778.825014268666,522.2608275826285,799.6906356042132,506.9680444144659,3.9967695740154614,3.991193898199554,1040.0,94.0,1040.0,12.0,7472979.266169312,7473034.186375661,54.92020634918538,817.5192592592593,532.2593386243387,524.3831746031746,123.52526455026455,25.602936507936512,171.9325493217828,73.54411725212245,1208.2014742969848,756.6705677576977,818.9381746031746,202.06451166417318,1476.2873567548454,137.14312147788357,97.5,1040.0,158.0,8151042.906382653,8151348.224489796,309.31783163263844,853.7856377551021,476.8469387755102,853.7856377551021,462.77508928571433,0.6505448974308629,0.5406202677520072,1040.0,158.0,196.0,60626.29499999713,67301.99299999978,309.31783163263844,195.0,7459.64400000032,38.25458461538625,100.36234443148832,4.714285714285715,0.0,21.0,21.0,99.0,120.0,1198.6608878504223,3.607476635514019,2247.4150280372423,618.69468295519,0.056074766355140186,3.1869158878504673,290.2883457943675,0.4266074869274401,1067.681177570058,996.6528691588509,127.05464485977019,130.9797102803643,0.24299065420560748,8152770360.522313,844.7858452670985,479.53931368471086,854.1096381246657,462.4769855606393,4.027640976885139,4.006185750787331,1040.0,97.0,1040.0,158.0,8151168.372682051,8151206.627266666,38.25458461538626,851.1363589743588,463.66933333333327,460.84264102564106,98.68720512820514,8.633307692307696,110.44139518637824,26.620353932437904,567.4257541871702,192.89589458152867,854.2315128205129,118.22140627096874,607.4089810353272,100.3623444314883,140.0,1040.0,166.0,8422306.689419929,8422816.91080427,514.2210854093123,815.976628113879,489.5355871886121,815.976628113879,477.1148487544485,0.7626203870597883,0.6376781797932151,1040.0,166.0,281.0,144496.12500001676,155338.3900000006,514.2210854093122,280.0,11966.180999992415,42.73636071425863,71.80251151146686,3.8787878787878776,0.0,33.0,33.0,128.0,161.0,2766.9104770642507,5.064220183486238,5269.585871560243,1157.8549445713086,0.01834862385321101,4.036697247706422,499.3339633026989,0.44377357833854647,2214.4101100917137,2104.632577981834,530.1603577982874,552.5003669725372,0.5596330275229358,8421073976.469284,806.7181591143151,470.2053910916581,818.5652306900103,457.6419219876416,4.013905509783728,4.071236869207003,1040.0,139.5,1040.0,166.0,8422545.752596429,8422588.488957142,42.73636071425862,816.2249285714286,480.5182321428571,475.688375,69.50508928571428,9.059892857142858,92.8350907274301,31.18324646222167,598.7160798406754,305.1724194416742,814.6466964285714,103.30075102819742,691.4231252331274,71.80251151146688
1065,0,80.5,1065.0,12.0,360797.3607098766,361344.9893024691,551.6283148148138,827.3691049382717,511.5,827.3691049382717,516.4643209876543,0.765919583382692,0.8426776007414852,1065.0,12.0,162.0,89363.78699999984,95275.41599999992,551.628314814814,161.0,6559.584000000614,40.742757763978965,145.68257814061425,6.0,0.0,17.0,17.0,102.0,119.0,1841.5155799999961,3.18,3555.834759999998,1342.8398014795018,0.0,2.82,624.7978200000013,0.47949544264364957,1652.8530499999977,1590.2945599999994,187.62281999999948,188.66252999999853,0.29,364358614.2254124,836.5851937203543,527.5250673718676,837.4128342358226,538.1792146245225,3.4908458212651636,3.619652436720816,1065.0,80.0,1065.0,12.0,361030.3967080745,361071.1394658385,40.742757763978965,827.2056832298136,520.245093167702,513.4117701863354,142.28931677018636,16.333695652173915,143.80871440849165,49.88855202776446,717.7564309820458,385.2831383826168,825.5244409937889,162.77513389493467,842.6330081021348,145.68257814061425,107.5,1065.0,158.0,867417.9434074074,867832.9433981483,418.99966666667075,863.3149768518518,488.1296296296296,863.3149768518518,488.1065856481481,0.7389884191477473,0.7643656384923326,1065.0,158.0,216.0,90503.92800000087,96995.34199999998,418.99966666667086,215.0,7355.343999999226,34.21090232557781,73.54348518162442,4.590909090909091,0.0,22.0,22.0,101.0,123.0,1749.153626168224,3.9813084112149535,3361.1943177570433,761.3590111238412,0.09345794392523364,3.457943925233645,372.67873831776245,0.41829175447907,1514.8154018691569,1450.7072149532876,229.88994392523406,234.33822429906706,0.308411214953271,867693215.588051,846.1345351090588,479.38590236259427,852.1719490372326,487.38815321815855,3.3921382921700407,3.5488603471735454,1065.0,107.0,1065.0,158.0,867608.0321488372,867642.2430511627,34.2109023255778,862.7627906976744,489.41576744186045,487.3438604651162,72.09844186046512,8.819441860465117,87.51479927612078,31.844054970957963,561.4711516549828,271.3710034207884,860.7748604651161,97.84885675168542,630.3703355838085,73.54348518162442,139.0,1065.0,166.0,1153155.8722974912,1153780.8357849463,628.9633942652347,843.9907616487454,477.168458781362,843.9907616487454,474.34514336917556,0.8636283655666895,0.826432990456946,1065.0,166.0,279.0,175480.78700000048,183679.52299999975,628.9633942652343,278.0,9314.709999997634,33.506151079128195,55.38059528154754,5.380952380952382,0.0,21.0,21.0,113.0,134.0,3312.81094495413,5.08256880733945,6423.669504587179,1352.7805838591814,0.03669724770642202,4.394495412844036,623.8339541284239,0.47121368128417224,2873.544137614677,2781.2990917431175,430.53566055047247,439.26680733945324,0.3302752293577982,1154193315.2574577,846.5958365631668,470.01161498933067,851.462890737273,476.132303052737,3.4406858859905065,3.5969620694160174,1065.0,138.5,1065.0,166.0,1153449.0004028776,1153482.506553957,33.50615107912818,844.3706654676258,476.2722841726619,473.33881294964027,52.114154676259,10.306564748201433,71.30044540110984,34.96608558137908,380.2894084825993,199.8525983383612,840.5843525179856,84.90819487299257,435.16942164789396,55.38059528154754
1073,0,90.5,1073.0,12.0,325681.9807197802,325999.0733736264,321.09223076923314,792.5331181318683,490.92857142857144,792.5331181318683,503.834010989011,0.6008615388953844,0.7500349575669881,1073.0,12.0,182.0,58438.78600000042,64782.185,321.0922307692332,181.0,7071.321999999695,39.068077348064605,119.09427605384582,3.8888888888888893,0.0,27.0,27.0,105.0,132.0,1213.7696700000047,3.56,2286.3517200000165,720.6445646399712,0.0,3.04,306.3789600000018,0.3956101682811724,1064.505860000004,994.5111300000059,148.66473000000232,149.26381000000052,0.43,327132084.5192296,782.9514050250016,507.55476140502503,789.1870405580592,506.0923019939502,3.2780017285017586,3.286620161738379,1073.0,90.0,1073.0,12.0,325813.86814917123,325852.9362265193,39.06807734806461,790.1233701657458,505.1058839779006,504.28613259668515,114.07198895027624,14.242292817679566,143.8960326707556,58.67522282938514,787.0292050120175,429.8418430509898,792.4278453038675,167.68157944836298,937.8450654138236,119.09427605384583,72.5,1073.0,158.0,871850.6436917809,872120.3182534247,273.67403424657283,842.9204452054793,485.21232876712327,842.9204452054793,502.39207191780827,0.48751963806336457,0.4832661277393886,1073.0,158.0,146.0,39956.40899999964,46031.76500000001,273.67403424657283,145.0,6659.27900000033,45.92606206896778,132.28711577452603,4.238095238095239,0.0,21.0,21.0,89.0,110.0,798.3229439252276,2.6728971962616823,1472.0238130840987,468.3969315060888,0.17757009345794392,2.3271028037383177,232.08911214952974,0.42059340371172804,713.2819626168163,651.7563084112078,84.25559813084155,85.0409813084113,0.27102803738317754,872142613.6013379,809.180666319173,486.1547372078881,811.4046225349665,489.3160585526888,3.2022700026062028,3.1944322821648856,1073.0,72.0,1073.0,158.0,871961.4480827587,872007.3741448275,45.92606206896779,839.5546896551724,503.56258620689664,500.806,130.81372413793102,12.103206896551725,121.31345140890683,39.08240104646686,760.1480658287913,441.6437541798115,844.7933103448275,135.6469886189162,920.1595465636856,132.28711577452603,118.5,1073.0,166.0,1011629.2972352942,1012070.5326092438,445.23507563025396,819.8881722689075,459.5147058823529,819.8881722689075,467.8848634453782,0.6428824851250852,0.6998138200330427,1073.0,166.0,238.0,105965.94800000046,114173.75399999999,445.2350756302541,237.0,9159.7350000008,38.64867088607934,72.67051546785227,4.230769230769232,0.0,26.0,26.0,110.0,136.0,2038.3113761467766,4.330275229357798,3868.400146789007,971.2522910473424,0.05504587155963303,3.7155963302752295,451.11753211009056,0.3381365984740494,1755.7716880733885,1660.1375871559694,274.0624862385341,282.5396880733881,0.3669724770642202,1013435839.73781,814.2931690486199,467.94273118957545,818.5480597590023,465.1816512540283,3.263145929662323,3.273155387417683,1073.0,118.0,1073.0,166.0,1011823.9077594937,1011862.5564303797,38.64867088607933,818.9374261603375,468.0994936708861,466.0516244725738,70.22647679324895,9.881286919831222,85.46678045282013,32.61494802009092,595.4284015314948,322.42830767792606,817.6606540084388,97.38830765590698,697.7812279014023,72.67051546785227
1075,0,69.5,1075.0,12.0,264609.0419928571,265070.5757428572,465.5332642857137,830.9377142857143,525.1357142857142,830.9377142857143,532.8011964285714,0.7871646249378167,0.6302266625064284,1075.0,12.0,140.0,65174.65699999989,69929.60899999998,465.5332642857136,139.0,5314.884000000283,38.23657553957037,139.1107316275248,9.4,0.0,10.0,10.0,94.0,104.0,1344.0802799999974,2.76,2593.706479999997,1023.5794302418316,0.0,2.62,513.0319599999985,0.41845576564828596,1296.323309999997,1248.5363799999975,48.316860000001036,47.756970000000145,0.14,266464688.06771132,811.3188373555988,553.7349531053414,818.5923876243853,541.7569329749514,3.4464531625300237,3.410258492508292,1075.0,69.0,1075.0,12.0,264809.0148633094,264847.25143884897,38.236575539570374,829.6634532374101,534.4770143884892,530.9496043165467,137.4698201438849,11.634676258992814,106.64058827409274,18.653466811894155,456.6338686115334,170.63854937458015,829.4068705035971,112.64341578906831,510.42809755940084,139.11073162752484,98.5,1075.0,158.0,740904.142868687,741221.1038989899,320.96076767676453,831.836919191919,497.7323232323232,831.836919191919,508.41218434343426,0.6152315488279911,0.44989831364360844,1075.0,158.0,198.0,63550.23199999936,69737.77099999995,320.9607676767645,197.0,6979.487000001012,35.42886802030972,85.35728745431231,4.333333333333334,0.0,24.0,24.0,104.0,128.0,1246.8076915887725,3.6448598130841123,2360.4637383177364,611.8874320365612,0.08411214953271028,3.177570093457944,290.9804766355137,0.3745045149089765,1105.3274859812984,1040.807728971952,139.42414018691616,141.4802056074743,0.34579439252336447,739339170.3905264,839.5380336047713,495.43794242458995,842.3905591237527,482.54123064571627,3.4984499369193713,3.4772605803417824,1075.0,98.0,1075.0,158.0,741053.6678426396,741089.0967106601,35.42886802030971,828.916040609137,509.21540609137054,507.1648223350253,84.5656852791878,7.434137055837559,73.48969671975595,12.339819248846071,289.9855541611663,69.47078304797569,831.6345685279189,76.544179895442,301.372722525647,85.35728745431236,126.5,1075.0,166.0,922426.6708740157,923109.1907795275,686.5196614173194,816.3306988188976,464.7696850393701,816.3306988188976,474.59187007874016,0.8498856395707344,0.5472121815550376,1075.0,166.0,254.0,174375.99399999907,182475.39900000015,686.5196614173193,253.0,9115.34300000139,36.029023715420514,54.41478634588994,7.200000000000004,0.0,15.0,15.0,108.0,123.0,3291.544706422009,4.623853211009174,6375.627045871528,1439.9786758504943,0.027522935779816515,4.3119266055045875,710.426477064214,0.3200476417588518,3048.3395504587056,2945.820082568794,241.99344036696957,243.2051559633035,0.22018348623853212,924824365.1418959,819.1843888219177,486.8121738082191,819.154957589041,472.71161950684933,3.416114849315069,3.385615780821918,1075.0,126.0,1075.0,166.0,922741.7960592886,922777.825083004,36.029023715420514,819.1544071146245,474.83065217391305,473.4372529644269,52.99399209486166,6.828498023715417,45.897872498725455,13.932703975573233,199.41529065556696,104.44340660891713,812.1669367588933,51.16509964887301,236.16822948459605,54.414786345889915
1090,0,71.0,1090.0,12.0,9914184.899384618,9914728.879727272,547.9801608391392,800.7384965034963,530.1223776223776,800.7384965034963,532.7807867132868,0.6877522993377477,0.5218387231415911,1090.0,12.0,143.0,78361.16299999692,83544.65100000054,547.9801608391392,142.0,5755.4620000086725,40.53142253527233,135.63604692030438,7.0,0.0,14.0,14.0,98.0,112.0,1605.5791299999505,2.82,3114.4497999998925,1210.0555807833562,0.0,2.55,543.1591600000113,0.38293659080559694,1483.6321099999548,1435.8777199999615,121.3471799999848,121.94701999999583,0.22,9915344197.657156,800.9476979415989,545.8187802776448,798.87060698899,534.4587582575396,3.5607874581139303,3.471091910004786,1090.0,70.5,1090.0,12.0,9914430.389422534,9914470.920845073,40.53142253527234,798.3489084507042,534.0347535211267,530.3094718309859,134.44288732394367,10.667746478873234,83.42652580675416,9.435882091654841,241.45268172867637,44.112459321016146,796.0766549295776,86.11517660757572,250.44720712763316,135.6360469203044,104.0,1090.0,158.0,10430477.540028706,10430844.74352153,371.20543540672855,888.386052631579,470.5382775119617,888.386052631579,475.4601076555023,0.6071850868611363,0.5859737607417664,1090.0,158.0,209.0,77581.93600000627,85147.91699999943,371.20543540672855,208.0,8402.386999994516,40.3960913461275,76.99040262798336,7.0666666666666655,0.0,15.0,15.0,106.0,121.0,1538.3929626169117,3.869158878504673,2883.658168224531,751.8424482017413,0.028037383177570093,3.4953271028037385,363.9650560747832,0.38245415223827506,1415.8237850468117,1323.4473457944832,118.38173831778222,122.56917757010001,0.22429906542056074,10431818915.31609,867.3947603608683,480.7148486984306,864.0020547880838,474.082491307208,3.57732778874166,3.5035903580490557,1090.0,103.5,1090.0,158.0,10430635.438096154,10430675.834187498,40.396091346127484,885.5378365384615,477.12798076923076,474.1484375,75.69622596153847,8.489783653846157,69.89149723524528,13.211632383368938,385.74708605642167,90.30929474430744,886.1808894230769,73.57007321600642,397.3929472325319,76.99040262798333,122.0,1090.0,166.0,10617916.474987755,10618495.246902041,582.7715959183188,840.8745408163264,463.22244897959183,840.8745408163264,468.8307040816326,0.7202491458127112,0.6194267796710696,1090.0,166.0,245.0,142779.0409999881,150346.8509999998,582.7715959183188,244.0,8547.732000013813,35.03168852464676,59.28324478770337,7.333333333333334,0.0,15.0,15.0,110.0,125.0,2704.1654220184123,4.440366972477064,5223.746752293217,1264.142608829214,0.009174311926605505,4.045871559633028,678.1863761468184,0.3146268981595731,2470.5076330275438,2381.555834862224,230.31754128438413,233.65778899086862,0.22018348623853212,10617729627.004282,826.0369959033837,469.5456206107682,819.2183898169824,460.05358560331985,3.428282879336029,3.349805011704618,1090.0,121.5,1090.0,166.0,10618190.30502459,10618225.336713115,35.031688524646775,840.9083606557377,469.74438524590164,467.00192622950834,57.65854508196722,8.285942622950822,51.653667481190126,19.564909553500517,220.84596883286994,130.9354211247129,839.4105532786884,59.80633616158247,269.08395246912517,59.283244787703374
1095,0,72.0,1095.0,12.0,348721.9078137931,349092.24640689656,374.33835172414024,820.1124655172414,536.5413793103448,820.1124655172414,535.5981034482759,0.6539012256353663,0.6556320152248657,1095.0,12.0,145.0,54279.06100000035,59322.74700000003,374.33835172414,144.0,5623.650999999893,39.05313194444372,141.29494984952083,9.799999999999997,0.0,10.0,10.0,98.0,108.0,1121.7798100000014,2.86,2146.0461200000113,813.8424259925414,0.0,2.65,398.0432700000022,0.3968677404164596,1054.0257000000006,1006.069320000005,66.95374000000069,67.75411000000081,0.18,350104361.3752865,797.7613920722664,546.0060165835243,808.3887427531347,555.8413731967103,3.846849130376163,3.905420655251449,1095.0,71.5,1095.0,12.0,348879.2498263889,348918.30295833334,39.05313194444372,818.2212152777779,537.283125,533.7568402777778,140.37368055555555,10.49378472222222,88.74079611979181,14.76003853768228,281.43702170296666,94.76237909528206,816.8681597222223,92.96857517808935,309.43472400673653,141.29494984952083,85.0,1095.0,158.0,877527.5736549706,877891.1661578947,367.5921169590628,859.5952046783626,471.8099415204678,859.5952046783626,467.61307017543874,0.6586863680109154,0.6972386001052333,1095.0,158.0,171.0,62858.251999999746,68037.89100000006,367.5921169590629,170.0,5863.573000000673,34.4916058823569,92.1120926866531,5.0,0.0,18.0,18.0,90.0,108.0,1207.6668224299042,3.121495327102804,2317.1003364485896,634.2894222536486,0.14953271028037382,2.7757009345794392,305.6621401869163,0.43101928080167856,1094.4468317757007,1045.8164579439224,112.73371028037259,113.21999065420333,0.2616822429906542,879056325.0402633,897.2121853876447,483.3414706400987,893.5811150296831,465.7169135367072,3.4508005642743784,3.5277293834126846,1095.0,84.5,1095.0,158.0,877684.2124764705,877718.7040823528,34.4916058823569,857.4172941176471,467.5039411764707,465.1772647058823,89.6329411764706,12.482794117647058,66.21882870615829,17.250019125690212,212.17427689109505,82.18031007256451,857.9651764705882,73.11411982501403,245.14856323320546,92.1120926866531,119.0,1095.0,166.0,1039036.1251464434,1039514.2076820084,482.0821464435153,851.9432112970711,459.21338912133893,851.9432112970711,447.5885251046025,0.7672482455143164,0.8122605063199301,1095.0,166.0,239.0,115217.63300000013,122605.034,482.0821464435154,238.0,8343.307999998913,35.05591596638199,74.36994551008931,3.806451612903225,0.0,31.0,31.0,118.0,149.0,2178.301110091756,4.3119266055045875,4203.655889908262,1061.3550925479256,0.045871559633027525,3.4220183486238533,459.52291743119497,0.4573248712114237,1746.1900825688183,1680.8716697247673,420.95627522936365,432.1110275229375,0.48623853211009177,1040654511.5553164,839.9138276435489,456.83108774332385,834.9500932537741,441.7275023639506,3.574867455737063,3.642470246829045,1095.0,118.5,1095.0,166.0,1039251.742079832,1039286.7979957982,35.05591596638199,850.6448109243698,448.39552521008403,445.90203781512605,71.32016806722687,11.317941176470592,71.93130494106867,28.373208821346488,308.56283665922524,177.95120825656738,848.1830042016807,82.28177513398511,364.3797039369873,74.36994551008928
1109,0,67.0,1109.0,12.0,317356.45580740744,317712.2738,359.8176370370357,826.0737407407407,504.44074074074075,826.0737407407407,491.89064814814805,0.5650320739879456,0.4494989011426562,1109.0,12.0,135.0,48575.38099999983,52931.079999999965,359.8176370370357,134.0,4895.650999999838,36.53470895522267,158.7587911382519,5.222222222222221,0.0,18.0,18.0,94.0,112.0,999.4296800000017,2.66,1923.1865999999945,790.7706358616365,0.0,2.42,354.8921899999998,0.4320359481081307,905.7598600000009,867.6834299999977,93.90986999999964,93.66982000000077,0.22,318448546.88470834,800.4351609247506,495.4171826835902,814.1251065276518,506.1704744635842,3.9030462375339985,4.020506950740405,1109.0,66.5,1109.0,12.0,317509.29099253734,317545.8257014925,36.53470895522267,816.5089179104478,494.1849626865671,484.271119402985,154.90391791044777,16.040186567164174,188.4008407744008,96.75422986656287,684.5299910040212,367.07784423829736,830.983880597015,235.74819091472028,842.3113498049518,158.75879113825187,79.5,1109.0,158.0,797429.45546875,797742.85236875,317.396524999995,883.176953125,486.0,883.176953125,466.283375,0.6027635294049714,0.4498627737097249,1109.0,158.0,160.0,50783.4439999992,56091.055000000044,317.3965249999951,159.0,5947.551000000909,37.405981132081195,124.75320728114822,5.176470588235294,0.0,17.0,17.0,88.0,105.0,1000.0641495327,2.9345794392523366,1879.7610841121168,557.464241098828,0.1588785046728972,2.5981308411214954,264.015953271022,0.4192853817689429,896.3011121495233,840.6779158878353,99.20262616822305,103.76303738317665,0.205607476635514,797710627.183445,867.5349130186797,464.59189861685445,879.047466134322,458.48840296592044,3.9113482104662767,4.057283616141452,1109.0,79.0,1109.0,158.0,797566.6804654088,797604.0864465409,37.40598113208119,878.4012264150942,467.96408805031444,465.37911949685537,123.24751572327041,11.759433962264154,138.32131452386994,42.03995450681294,573.3950378884817,205.01081071245866,888.459433962264,155.67071012660676,634.8267637596988,124.75320728114824,91.0,1109.0,166.0,926366.3897103823,926829.713546448,467.32356284153354,835.8091256830602,479.8360655737705,835.8091256830602,463.23979508196726,0.6600467168765216,0.4702979253513964,1109.0,166.0,183.0,85520.21200000067,91431.74899999997,467.32356284153354,182.0,6643.487000001012,36.502675824181395,98.42395562694122,6.733333333333334,0.0,15.0,15.0,101.0,116.0,1626.1679082568755,3.3211009174311927,3121.6280733945164,972.17316053837,0.06422018348623854,3.0458715596330275,459.529000000005,0.4493515310577389,1516.565256880732,1452.899495412853,107.91454128440525,109.60265137614371,0.1926605504587156,925719390.9691628,816.4286344151867,451.7267120111976,822.1914097629253,453.45266687079,3.866092642813402,3.9290626366897032,1109.0,90.5,1109.0,166.0,926584.6393846154,926621.1420604397,36.50267582418139,832.5210439560439,463.35532967032975,461.54148351648354,97.38697802197802,8.774340659340657,101.05380579671116,21.208537252517,356.9354532930095,129.39367657158104,838.6899450549453,109.3533959799695,407.93464167394916,98.42395562694126
1145,0,75.0,1145.0,12.0,367990.92723178805,368342.58135099337,355.6537880794718,791.9227649006622,507.07615894039736,791.9227649006622,514.0830629139074,0.6539602223449877,0.643478723805571,1145.0,12.0,151.0,53703.722000000234,58346.89900000002,355.6537880794718,150.0,5247.127000000037,34.98084666666691,146.21053618394282,5.149999999999999,0.0,20.0,20.0,103.0,123.0,1098.0272500000003,2.96,2115.187960000008,798.3862107575756,0.0,2.61,361.28958000000216,0.41091372019374056,969.2753400000005,927.8819600000029,129.71202000000108,128.75190999999992,0.33,370396506.7477039,821.1717943797122,546.589593557231,809.7506833447567,534.4957717614805,3.4321199451679236,3.228816997943797,1145.0,74.5,1145.0,12.0,368134.4118666667,368169.39271333336,34.98084666666691,790.8947666666667,516.5237,513.6449,144.877,13.499466666666658,100.86872347618332,13.543081827222235,242.21557939021054,32.8729676553513,789.4464333333333,104.58539357874876,244.2284825676798,146.21053618394285,84.0,1145.0,158.0,836336.208585799,836596.8251360947,264.6161656804712,854.7288461538462,482.1213017751479,854.7288461538462,487.3951775147929,0.8962749919249668,0.6371083441870151,1145.0,158.0,169.0,44720.13199999963,49071.684000000016,264.61616568047117,168.0,5027.486999999848,29.925517857141948,99.42876955384077,3.4230769230769216,0.0,26.0,26.0,89.0,115.0,868.5939532710277,3.121495327102804,1652.0446728971813,438.342347195212,0.18691588785046728,2.663551401869159,223.18985046728875,0.415428111522981,753.7927196261703,712.5658598130822,113.45647663550852,114.80123364485726,0.32710280373831774,836997643.0660908,862.3526770434357,502.9090872789504,856.7123592209274,478.56896340966506,3.316588705077011,3.151840110830413,1145.0,83.5,1145.0,158.0,836448.4043095238,836478.3298273811,29.925517857141955,853.2181547619048,488.645,485.511755952381,97.90663690476192,10.925386904761908,94.09343674935697,23.95949078271922,251.58015032589316,93.35717659069414,854.3583630952382,101.69254154898967,277.4279473644286,99.42876955384075,117.5,1145.0,166.0,996552.7852796612,997049.3856991526,500.6000847457602,797.0434851694914,463.0593220338983,797.0434851694914,470.25844279661015,0.7235820875004546,0.5893688160184465,1145.0,166.0,236.0,118141.61999999938,124933.10899999991,500.6000847457602,235.0,7735.410000000033,32.91663829787249,65.88978208877606,3.7096774193548385,0.0,31.0,31.0,115.0,146.0,2230.557321100913,4.293577981651376,4309.194348623831,1076.587109530099,0.045871559633027525,3.6055045871559632,478.56696330274696,0.4040055054737626,1896.0850733944926,1826.2175321100844,328.3796422018311,334.4722477064207,0.44954128440366975,997865530.0976375,826.1496824380562,484.2840665215443,815.7749596645112,459.6732143543121,3.3565413918944875,3.144852743453486,1145.0,117.0,1145.0,166.0,996780.1059404257,996813.0225787235,32.91663829787248,799.8010212765957,470.7523191489361,469.1797872340426,64.76985106382978,8.109936170212771,51.082637785211084,11.719466799176518,152.46185667477266,51.265774051356026,792.7064042553192,54.65039787128742,162.3473586022548,65.88978208877604
1186,0,90.0,1186.0,12.0,383060.1403259668,383443.3568508287,387.21590055248737,844.8143508287291,542.4613259668508,844.8143508287291,544.8049447513813,0.5923602386243592,0.48763857078153516,1186.0,12.0,181.0,70086.0780000002,76941.08299999997,387.21590055248737,180.0,7578.891999999643,42.10495555555359,128.54503453706522,5.705882352941177,0.0,17.0,17.0,97.0,114.0,1459.4708500000042,3.5,2765.3640000000105,924.3238322364246,0.0,3.13,437.0406900000025,0.308457372909422,1344.1945200000016,1272.0845900000031,110.59741000000213,115.27633000000263,0.25,383075217.6786735,826.8497006081398,540.1400509381984,828.925231560892,538.9671048391289,3.7214106762305734,3.7945963927439053,1186.0,89.5,1186.0,12.0,383231.68821111106,383273.79316666664,42.10495555555357,844.0688333333334,547.6353888888889,543.0711944444445,125.44686111111113,15.367750000000008,91.92969480116808,21.3512361265319,390.1574435872041,189.29389629073336,842.8959166666667,99.24185900972593,453.4671459366645,128.54503453706525,81.0,1186.0,158.0,879199.261171779,879494.0802269938,298.81884049079764,826.5675460122699,486.9171779141104,826.5675460122699,494.20817484662575,0.5283610411879477,0.5190768037912328,1186.0,158.0,163.0,48707.47100000002,54111.09999999997,298.81884049079764,162.0,6055.593999999575,37.380209876540576,99.68690897675683,5.529411764705882,0.0,17.0,17.0,94.0,111.0,944.2113551401911,2.97196261682243,1791.8358878504669,558.4293330617014,0.11214953271028037,2.7196261682242993,261.65795327102217,0.3873465188018005,875.578252336452,827.2851775700921,68.63276635514133,68.63310280373912,0.22429906542056074,879516162.3441726,833.7797841992461,489.48667504249505,835.6814012268125,488.3559662996083,3.7493910280097555,3.768419185573867,1186.0,80.5,1186.0,158.0,879326.9467098764,879364.3269197529,37.38020987654059,824.0509567901235,497.1613271604939,492.2578086419752,98.53783950617284,9.936728395061728,80.37538423506413,16.447425783564686,387.5282722131972,154.40961919476337,825.950462962963,84.7154333454662,423.005734520814,99.68690897675684,112.0,1186.0,166.0,1019027.2893466668,1019486.787488889,463.4976088888912,813.6535666666666,471.0755555555556,813.6535666666666,477.87108888888895,0.6800429716724398,0.6072888643095651,1186.0,166.0,225.0,104286.96200000055,111426.02,463.4976088888915,224.0,8038.937999999733,35.88811607142736,72.61809874110713,5.421052631578947,0.0,19.0,19.0,103.0,122.0,1971.1266055045971,4.018348623853211,3785.062018348639,996.1029740852485,0.06422018348623854,3.5596330275229358,478.92428440367803,0.3673951898415357,1787.321165137623,1714.0468623853255,178.484146788994,183.80544036697412,0.26605504587155965,1020490129.7766411,818.8361691970855,480.0871792110836,817.8729245181437,479.47546749937186,3.743625498007968,3.7647302681167227,1186.0,111.5,1186.0,166.0,1019233.5985133927,1019269.4866294643,35.888116071427376,813.2611830357143,479.68665178571433,476.06261160714286,71.37533482142858,9.022343750000003,59.183416788558596,23.090228733778893,292.70141778347096,170.03632777798651,809.5253124999999,69.94667140868924,352.56248966305697,72.61809874110713
1187,0,78.0,1187.0,12.0,2363215.547624204,2363587.921853503,376.37390445861786,818.8733598726116,531.8503184713376,818.8733598726116,526.6424840764331,0.6543433331962838,0.5844924037479424,1187.0,12.0,157.0,59090.70300000303,64586.33199999996,376.37390445861786,156.0,6123.578000002541,39.253705128221426,128.09610200542173,8.909090909090907,0.0,11.0,11.0,98.0,109.0,1222.0073399999878,3.1,2331.7800000001303,817.0087254931626,0.0,2.86,388.7690500000166,0.35368945396588836,1148.2969099999777,1092.9803200000479,72.9096800000174,73.71043000000995,0.19,2364334368.4342413,806.5827250773995,539.2120866873065,797.6983498452013,539.660026006192,4.046979566563468,3.910607430340557,1187.0,77.5,1187.0,12.0,2363376.1420128206,2363415.3957179487,39.25370512822141,818.1577564102564,528.3959615384615,524.3295192307693,125.76820512820512,11.953493589743582,74.39420596664819,9.525879265269285,172.0071646372561,22.63813311084056,814.5549358974359,77.19949422627835,174.40293920650507,128.09610200542173,93.0,1187.0,158.0,2860314.961834225,2860639.297812834,328.3357112299437,826.597513368984,483.35561497326205,826.597513368984,478.98360962566846,0.616625431808412,0.6067440665333866,1187.0,158.0,187.0,61398.77799999945,67166.04999999981,328.3357112299436,186.0,6515.221999999136,35.02807526881257,76.56953360907752,12.375,0.0,8.0,8.0,99.0,107.0,1193.9512990654325,3.4205607476635516,2259.694168224287,620.0762277500635,0.04672897196261682,3.289719626168224,307.534140186924,0.34500935610833094,1155.2653364486182,1091.0863084112225,38.760775700920895,38.685962616814145,0.11214953271028037,2861813632.26365,832.734961595713,489.35770467401017,828.8546930634118,486.6497945817208,4.054597201548079,3.8599452217922,1187.0,92.5,1187.0,158.0,2860452.441306452,2860487.4693817203,35.02807526881256,825.1741666666668,479.91999999999996,477.55094086021506,74.57693548387097,8.711102150537634,52.89101422337499,14.198664011763178,160.71717741305102,81.07101011675338,822.3727150537635,59.12239699086295,194.6064559337413,76.56953360907751,118.0,1187.0,166.0,3033975.812303798,3034531.0552616036,559.2426497890252,839.1196835443037,466.8481012658228,839.1196835443037,457.5926687763713,0.7282944257958149,0.660712700043212,1187.0,166.0,237.0,132540.507999999,140187.6510000001,559.2426497890254,236.0,8595.069999999832,36.41978813559252,56.254955632935896,7.4,0.0,15.0,15.0,111.0,126.0,2515.7052110091554,4.293577981651376,4843.9105321100715,1157.050829014941,0.03669724770642202,3.871559633027523,578.734532110064,0.30413105512044436,2294.361834862372,2203.5477064220113,218.4075596330243,221.34337614678324,0.25688073394495414,3035234657.79616,830.6801577656054,461.2948584959489,819.0585467305717,458.70089096199933,3.9040459888166152,3.7338887937920804,1187.0,117.5,1187.0,166.0,3034231.0744618643,3034267.4942499995,36.41978813559251,841.0928177966102,458.018622881356,456.34709745762717,54.59108050847457,7.314194915254234,54.90354065177229,20.76941095103603,293.3857782220721,171.1597371274459,834.7517372881355,62.17324472510112,352.8912417256595,56.2549556329359
1209,0,78.0,1209.0,12.0,281288.29057961784,281808.5226050955,524.231757961786,871.3897770700637,516.9267515923567,871.3897770700637,527.0692197452229,0.8588526525968746,0.6296845625269981,1209.0,12.0,157.0,82304.38600000039,87760.05300000001,524.231757961786,156.0,6083.6249999995625,38.997596153843354,115.9068681456743,4.666666666666667,0.0,21.0,21.0,98.0,119.0,1654.208130000002,3.0,3209.6245200000144,1196.2813185687214,0.0,2.52,557.5802700000036,0.3584044295413147,1420.6677100000009,1375.5512300000066,229.2610300000006,233.54042000000103,0.3,285945239.2123132,856.3344362923805,555.2690266131972,859.5189218009479,572.0717303135253,3.167831753554502,3.0854351986875685,1209.0,77.5,1209.0,12.0,281500.7356538461,281539.73325,38.997596153843354,872.324967948718,529.8139743589743,524.8269230769231,114.59157051282054,9.867051282051282,95.67766362659697,26.39392157080739,322.9537547102961,118.3376512617302,866.6971153846154,103.2151498143935,349.9607306545411,115.90686814567431,92.0,1209.0,158.0,772405.5589459459,772759.5171945946,357.9579027026923,822.1231216216214,478.9756756756757,822.1231216216214,489.38522972972976,0.7805417623417436,0.6152898863297797,1209.0,158.0,185.0,66222.2119999981,71317.67499999993,357.9579027026922,184.0,5835.399000000791,31.714125000004298,66.94726106853399,6.8666666666666645,0.0,15.0,15.0,103.0,118.0,1284.1858224298971,3.4205607476635516,2461.244411214886,717.4659061491321,0.056074766355140186,3.121495327102804,373.65620560746174,0.3024952286967895,1191.5638411214857,1138.2242616822086,92.39794392523434,92.62198130841145,0.22429906542056074,773667065.3916895,819.5305848707453,486.9811787136208,825.0394414848876,507.7601441148433,3.1814630180003363,3.0959479616441428,1209.0,91.5,1209.0,158.0,772560.7977934782,772592.5119184782,31.714125000004298,824.3189673913043,491.0197282608696,487.73043478260877,65.9464945652174,7.487771739130435,49.72027969688967,16.015327471609996,132.74364048743902,68.08975716716785,815.7693206521739,55.89788779872086,150.44999720389092,66.947261068534,114.5,1209.0,166.0,934799.412652174,935421.7751086955,626.3620173913088,815.6161304347826,463.0913043478261,815.6161304347826,474.57541304347825,1.1039298255306225,0.8248349854227996,1209.0,166.0,230.0,144063.26400000096,150698.52,626.3620173913087,229.0,7555.154999999679,32.99194323143963,50.9516965532685,5.736842105263156,0.0,19.0,19.0,109.0,128.0,2704.601954128438,4.165137614678899,5259.422238532146,1347.5651958413766,0.01834862385321101,3.7889908256880735,653.7805596330307,0.28754286812276086,2505.6505779816507,2432.5577155963483,197.15340366972495,198.95137614678748,0.25688073394495414,937690223.839862,816.6797229299364,471.7968529723992,807.3424516985137,483.63873566878976,3.1437722929936305,3.031619957537155,1209.0,114.0,1209.0,166.0,935082.8423930131,935115.8343362446,32.99194323143964,819.6976419213973,475.2883842794759,472.12163755458516,48.59572052401747,8.690982532751093,133.9127540236891,71.60009529180884,369.84044815446475,221.18661454152564,808.7932751091703,157.19145899044955,435.3367052150569,50.951696553268505
1235,0,72.5,1235.0,12.0,401953.7376438356,402388.1918356164,438.4538287671222,829.1666952054794,532.3767123287671,829.1666952054794,533.7339554794521,0.7833738865195257,0.6034079569791369,1235.0,12.0,146.0,64014.25899999984,69477.707,438.4538287671223,145.0,6047.395000000252,41.70617241379484,157.07871222603103,10.66666666666667,0.0,9.0,9.0,96.0,105.0,1328.7193799999973,2.88,2540.090879999995,951.0444730072954,0.0,2.71,465.5997699999996,0.46850755402384514,1274.2053899999976,1215.4514199999983,54.59401999999944,54.51398999999976,0.15,403576213.1607667,797.2456363322397,544.2762389915385,796.1371576584356,547.7963397225581,3.5220347665918377,3.4948506302883784,1235.0,72.0,1235.0,12.0,402140.43384827586,402182.1400206897,41.70617241379484,827.5861724137931,535.0626896551723,531.7625172413793,150.9319655172414,17.79748275862069,137.66043030810647,32.473596060077384,781.4986429743519,302.9427924159216,829.874275862069,150.60051512748916,857.7285028740602,157.078712226031,106.0,1235.0,158.0,875763.7487887323,876099.5344788731,339.7853380281729,828.4235211267605,472.34037558685446,828.4235211267605,481.560234741784,0.6651631933317268,0.5340019467290745,1235.0,158.0,213.0,72374.27700000082,79188.86999999998,339.785338028173,212.0,7666.517999999458,36.16282075471441,79.0538980947807,9.181818181818182,0.0,11.0,11.0,101.0,112.0,1430.039345794391,3.94392523364486,2687.6318504673204,684.522344450704,0.056074766355140186,3.6448598130841123,344.79813084111953,0.4303017033100831,1335.2122710280362,1253.0629065420683,90.75301869159182,94.8270747663549,0.16822429906542055,876452947.3533155,846.0266254229584,476.8461491843846,842.7676233523559,473.02834806322915,3.492463006918843,3.4641477703146304,1235.0,105.5,1235.0,158.0,875911.1107122641,875947.273533019,36.162820754714424,827.7061792452831,482.80275943396236,480.70495283018874,77.41033018867925,8.913325471698116,81.5047379419413,22.140685032952515,392.95825135573455,197.66850562280365,825.1114150943396,90.01638697402889,466.48977382493865,79.05389809478069,119.5,1235.0,166.0,1031214.9192208333,1031704.5419916667,493.6222791666757,813.74328125,471.58958333333334,813.74328125,477.3076770833333,0.7503867452413123,0.6386858811412133,1235.0,166.0,240.0,118469.34700000219,127308.35400000005,493.62227916667564,239.0,9798.888999999268,40.999535564850504,57.50262358296343,6.8125,0.0,16.0,16.0,109.0,125.0,2280.4878807339437,4.36697247706422,4326.657284403749,1062.104275592104,0.01834862385321101,3.9724770642201834,547.9462660550483,0.37359593869018504,2069.2015779816543,1963.6732935780187,199.65534862385604,211.2863027522898,0.22935779816513763,1030808804.2955517,784.6137437170142,465.75751350841927,778.0236582684091,467.6143792410153,3.4875713118874088,3.4545928625282736,1235.0,119.0,1235.0,166.0,1031441.9623640167,1031482.9618995816,40.9995355648505,815.9179288702929,478.87041841004196,476.6506276150628,55.68968619246861,8.751589958158993,79.19775150406656,35.745462349316256,629.872415304234,349.246171659471,808.0524267782426,93.10790430958929,742.8069153897312,57.5026235829634
1254,0,86.0,1254.0,12.0,4329936.422595375,4330379.4803179195,447.05709248559407,829.5625722543354,543.8872832369942,829.5625722543354,557.8389595375724,0.7245506702169149,0.6884546540314147,1254.0,12.0,173.0,77340.87700000778,83448.58899999969,447.057092485594,172.0,6799.6030000038445,39.5325755814177,135.81092370967735,5.05,0.0,20.0,20.0,101.0,121.0,1465.7845799999498,3.3,2807.256560000256,947.1269038231143,0.0,2.81,447.28996999997645,0.4264720861276702,1265.0529199999105,1206.1767600000371,197.45152000009082,200.73166000003926,0.33,4334933017.228314,865.2747019074092,588.4002717339213,857.8844795360873,587.5536839835138,3.3865891881529766,3.2719289753666256,1254.0,85.5,1254.0,12.0,4330110.434697674,4330149.967273256,39.5325755814177,822.1924709302326,560.7736337209302,551.5645348837209,131.34162790697673,18.20863372093024,257.66622630532476,206.82848111174738,819.3524403723712,686.768140422982,829.9606686046511,356.3788998204702,1133.3742798853248,135.8109237096773,95.5,1254.0,158.0,4827587.800348958,4827906.813927083,323.01321874999365,840.955625,436.1666666666667,840.955625,430.78867187500003,0.6190641254621304,0.5393762203710967,1254.0,158.0,192.0,62018.53799999878,67721.94100000057,323.01321874999354,191.0,6471.333999998868,33.88132984292599,84.08796744741434,3.068965517241381,0.0,29.0,29.0,89.0,118.0,1204.8308971962917,3.532710280373832,2288.554355140114,532.075735394891,0.17757009345794392,2.925233644859813,258.2969626168085,0.4275355518420051,995.8321588785152,940.3254766354999,203.9517009345571,208.9987383177765,0.3644859813084112,4828008347.713121,829.6958580370851,432.6276709578363,836.1039701192867,421.48205798984293,3.4658468170544467,3.3728894531711346,1254.0,95.0,1254.0,158.0,4827729.010795812,4827762.892125655,33.88132984292601,837.1384816753928,432.1086387434554,429.51835078534026,82.70099476439792,8.316099476439796,87.0366591657182,22.730425509129265,337.7308980434152,113.54231994451683,844.040942408377,94.48330970820003,360.28285468005686,84.08796744741433,138.5,1254.0,166.0,5007011.9830899285,5007489.223258993,481.2397517985832,854.9278866906475,453.2212230215827,854.9278866906475,445.7057374100719,0.8038171948085971,0.658366876253491,1254.0,166.0,278.0,133784.65100000612,143071.55600000083,481.239751798583,277.0,10398.788999995217,37.5407545126181,62.80847256592977,2.7692307692307696,0.0,39.0,39.0,108.0,147.0,2525.6820275229616,4.935779816513762,4816.462568807493,878.2497514320302,0.14678899082568808,3.834862385321101,361.6262110091678,0.3726527207051078,1939.361660550485,1835.633733944993,572.5975504587533,586.3203669724763,0.5596330275229358,5002507032.176641,831.9888625499678,422.7525611494703,836.0183185642804,420.24889218125406,3.379827244010846,3.2837824616330753,1254.0,138.0,1254.0,166.0,5007248.964682311,5007286.505436824,37.54075451261811,851.7376353790613,447.3553068592058,443.58783393501807,60.263086642599276,10.340000000000002,178.23812651115213,100.71550396177082,724.2324055537186,365.5432827736465,854.0349819494585,214.68855956336031,831.7441865779316,62.808472565929755
1255,0,59.0,1255.0,12.0,358911.2230588236,359348.96155462187,441.73830252101044,815.035924369748,497.9201680672269,815.035924369748,507.44300420168076,0.6867599806850133,0.8668863230566471,1255.0,12.0,119.0,52566.85800000023,57062.803999999975,441.7383025210101,118.0,4971.922999999952,42.13494067796569,149.40239252439284,10.625,0.0,8.0,8.0,85.0,93.0,1078.538289999999,2.36,2070.84144000001,906.187031601958,0.08,2.22,415.12413,0.40812621549151545,1029.8216999999986,986.6641900000046,48.756530000000495,48.71659000000043,0.11,360864733.64298713,826.5478422452408,528.9038381858902,818.7754640257558,519.626133818589,3.5372928331466964,3.466179311310191,1255.0,58.5,1255.0,12.0,359094.0196101695,359136.1545508475,42.134940677965695,809.2788135593221,508.4359745762712,504.03033898305085,146.18605932203388,15.747245762711866,105.59068144532048,32.796982990810335,420.3176824996858,199.05405724690945,809.445720338983,121.37697146719977,494.44944581338535,149.40239252439287,97.5,1255.0,158.0,884905.7520969389,885276.6997653061,374.9473979591816,845.6833928571428,490.92857142857144,845.6833928571428,505.6990051020408,0.6730655012941535,0.7257535561102766,1255.0,158.0,196.0,73489.6899999996,79433.01000000001,374.9473979591815,195.0,6727.266999999061,34.498805128200324,95.2804791460385,3.344827586206897,0.0,29.0,29.0,97.0,126.0,1381.8970093457974,3.607476635514019,2637.980261682228,702.0497764198954,0.09345794392523364,3.02803738317757,327.00674766354985,0.35828854587265296,1178.5916542056111,1122.486112149526,196.5040186915882,203.30535514018646,0.35514018691588783,884153760.434196,871.0362184070084,505.2462279730138,848.9705125365019,492.2999224650086,3.4972903030913307,3.4683017822978552,1255.0,97.0,1255.0,158.0,885078.7944153846,885113.2932205127,34.49880512820032,840.4900512820511,507.6045384615385,502.3356153846153,92.7188205128205,13.184717948717946,75.25851162191533,20.130043919881146,279.9069902501675,83.47475256475249,847.6977948717949,82.43570774209388,298.09140361431463,95.28047914603853,121.5,1255.0,166.0,1067369.5631885245,1067899.221918033,533.6584057377038,818.4629610655737,472.29918032786884,818.4629610655737,482.3313831967214,0.6956357030876927,0.6747214434582722,1255.0,166.0,244.0,130212.65099999972,138099.6950000001,533.6584057377039,243.0,8862.9650000002,36.473106995885594,63.61635676423953,5.136363636363638,0.0,22.0,22.0,113.0,135.0,2474.7913853211026,4.422018348623853,4765.822422018335,1120.3698944443622,0.027522935779816515,3.9174311926605503,500.35176146789047,0.32047076920905754,2193.928431192661,2105.131330275228,277.7798807339395,280.86295412844174,0.3302752293577982,1065617638.7006947,847.3675198263387,475.4149435600579,826.7766529667149,460.788382633864,3.5080301013024604,3.466210419681621,1255.0,121.0,1255.0,166.0,1067624.2988436215,1067660.7719506172,36.4731069958856,817.626193415638,483.538621399177,479.70691358024686,61.77561728395061,9.418415637860091,43.96249661755507,16.13353926655588,132.16227388857726,79.79186114409246,816.5345267489713,52.42397010345247,173.4408904496379,63.61635676423951
1257,0,100.5,1257.0,12.0,421710.29179207917,421991.7525841585,285.4604257425771,814.7580198019801,542.3564356435644,814.7580198019801,550.4335024752476,0.5931589073000445,0.49444324676261703,1257.0,12.0,202.0,57663.00600000059,65098.505,285.4604257425772,201.0,8243.425000000103,41.01206467661745,139.14899271145347,6.117647058823529,0.0,17.0,17.0,104.0,121.0,1220.5359399999982,3.95,2275.1665800000205,663.248240088039,0.0,3.22,338.70234000000346,0.4249703179334327,1038.5485999999987,973.2345200000045,164.3487700000056,181.9873399999994,0.34,422261393.6908711,806.1607021747144,540.7981502641603,807.5286945570709,540.7518755375353,3.2256825162796416,3.290250030716304,1257.0,100.0,1257.0,12.0,421828.48500000004,421869.4970646766,41.012064676617435,809.1585323383086,552.7967661691542,539.3973383084576,129.32400497512438,20.94121890547264,116.0806553973071,71.65670790836141,407.5023234335899,295.6408741999819,814.6310945273631,159.7531648911598,558.8910566449179,139.1489927114535,78.5,1257.0,158.0,892091.8584367088,892344.239898734,256.38121518986577,843.1784493670884,475.0822784810127,843.1784493670884,478.7823101265823,0.48989887787947206,0.4159022339455228,1257.0,158.0,158.0,40508.23199999881,46359.89900000009,256.3812151898657,157.0,6483.62799999991,41.296993630572665,127.16178536090342,3.481481481481481,0.0,27.0,27.0,94.0,121.0,802.3219906542076,2.897196261682243,1495.6385794392108,457.56449804934954,0.12149532710280374,2.532710280373832,217.73697196261384,0.4420682082873306,710.1439345794378,655.9779626168071,91.84132710279827,92.17805607476986,0.3177570093457944,892773922.6672993,861.6178133356334,479.34723971362035,853.9416070042266,479.620676270163,3.2484990942810317,3.2687820236349525,1257.0,78.0,1257.0,158.0,892193.8729617833,892235.1699554138,41.29699363057267,839.308821656051,482.209458598726,476.3237898089171,125.28261146496813,11.746242038216563,146.2082583685601,47.20870430169531,527.9641103307297,193.07811372010863,844.3237261146497,160.1195051266553,578.6841986608692,127.1617853609034,142.0,1257.0,166.0,1051385.9734666666,1051839.5325824562,457.5587684210594,827.9018070175439,471.03508771929825,827.9018070175439,477.9963596491228,0.668002619119408,0.5436753337784037,1257.0,166.0,285.0,130404.2490000019,140935.54299999998,457.5587684210596,284.0,11671.194999997846,41.09575704224598,60.38827739837737,3.441176470588235,0.0,34.0,34.0,117.0,151.0,2514.527064220183,5.174311926605505,4771.3849908257625,1015.6660789213162,0.045871559633027525,4.394495412844036,487.42512844036946,0.3958262170478373,2184.161403669727,2066.7024036697476,318.9900917431335,330.3656605504562,0.4954128440366973,1050418135.1286075,830.6348710235818,464.876699395556,827.0222960356423,461.856333891427,3.1305380402395073,3.1719330855018586,1257.0,141.5,1257.0,166.0,1051596.4185422536,1051637.5142992958,41.095757042245964,828.5140140845069,479.8580105633802,476.7876936619719,58.53457746478873,8.541478873239441,69.05089129386144,35.75068928220216,285.82034545530536,201.84558719360754,826.7346830985915,86.40218314729324,373.57128938250275,60.38827739837735
1258,0,67.5,1258.0,12.0,339160.18581617647,339630.34946323524,474.1634632352935,790.7652757352942,528.6691176470588,790.7652757352942,515.4827941176471,0.8676108131214904,0.9078851026245498,1258.0,12.0,136.0,64486.230999999905,68173.90999999996,474.16346323529353,135.0,4231.65399999998,31.345585185185033,164.41753498684986,8.818181818181818,0.0,11.0,11.0,97.0,108.0,1314.6848199999995,2.68,2564.253679999998,1027.148148670368,0.0,2.44,504.7903999999975,0.3868321866203015,1223.7704899999987,1191.6128999999987,90.51394000000029,90.91433000000077,0.18,340470797.0022878,793.7416460374259,527.0089880917463,799.9325065994017,526.3053704464128,3.606115445532938,3.422299524843081,1258.0,67.0,1258.0,12.0,339371.6429777778,339402.988562963,31.34558518518504,786.9192222222222,516.2057037037038,514.062037037037,162.96040740740742,12.806851851851851,145.88312429018163,22.995244015028003,477.8044332288958,101.35791180159765,791.0523703703703,152.27256948581407,496.0258623681887,164.41753498684983,75.0,1258.0,158.0,950191.2664304634,950641.2399072846,453.97307947019596,827.8141059602649,498.2615894039735,827.8141059602649,485.2322847682119,0.6711558036155011,0.635125819658447,1258.0,158.0,151.0,68549.93499999959,72997.34400000006,453.9730794701961,150.0,5051.349000000279,33.67566000000186,105.83795607136285,7.416666666666667,0.0,12.0,12.0,89.0,101.0,1305.9764579439234,2.7663551401869158,2524.4900186915675,771.1813955734717,0.1308411214953271,2.588785046728972,350.3638878504628,0.4100182641918698,1214.0221775700916,1170.4404672897087,91.80454205607487,91.95428037383185,0.14018691588785046,950320819.9374349,857.3740924779488,477.9867950473894,850.2052199638416,487.22909329973146,3.610796581383882,3.453624609653208,1258.0,74.5,1258.0,158.0,950400.0647533331,950433.7404133332,33.675660000001855,823.7058333333334,485.9693333333333,484.1727,104.50206666666668,9.391833333333327,81.1688337959774,22.01087917040758,265.8014214034361,126.08832247313153,828.5252333333334,91.46111362017587,310.06406265429075,105.83795607136285,113.5,1258.0,166.0,1144584.5737324562,1145292.2637192984,711.6895964912306,812.9638815789474,473.81359649122805,812.9638815789474,457.08463815789474,0.816613603950514,0.7372210413901029,1258.0,166.0,228.0,162265.22800000056,169008.57700000002,711.6895964912306,227.0,7655.259999999311,33.72361233479872,69.06338528933772,4.600000000000002,0.0,25.0,25.0,115.0,140.0,3043.246100917422,4.146788990825688,5936.7847339449745,1471.6608639610283,0.03669724770642202,3.596330275229358,641.9154495412799,0.36830179501575633,2589.705642201827,2518.484963302759,449.907403669728,453.54045871559555,0.3853211009174312,1146267489.8206966,832.545217236973,456.0305383596005,830.333055042832,458.16839840976854,3.4959082303942446,3.3469617587202425,1258.0,113.0,1258.0,166.0,1144915.711092511,1144949.434704846,33.72361233479872,813.0386123348018,457.9298017621145,457.5820925110132,67.08588105726872,8.734405286343613,95.5657665188321,44.0957401641164,410.0453327302441,219.9861365160179,811.5647136563877,112.58521458317162,475.66983686211825,69.0633852893377
1263,0,83.5,1263.0,12.0,386381.39990476187,386738.13208333333,360.73205357142643,800.911875,522.4583333333334,800.911875,506.1001934523809,0.6837247635188242,0.8866908438539272,1263.0,12.0,168.0,60602.98499999963,69577.87800000004,360.7320535714262,167.0,9646.87200000015,57.76570059880328,159.39756709533097,4.545454545454547,0.0,22.0,22.0,100.0,122.0,1301.9557000000007,3.3,2389.8737599999854,836.0248890079346,0.01,2.87,382.23414999999864,0.4552949656149171,1150.0450599999988,1046.8646799999935,148.07219999999913,151.91064000000188,0.33,386248341.2391217,767.117916882221,497.96996666091854,784.3191550267287,465.9720497786975,3.294026556302811,3.2243427027648446,1263.0,83.0,1263.0,12.0,386532.76552694605,386590.53122754494,57.765700598803285,797.1424550898204,503.5016766467066,503.6611077844311,152.2099401197605,22.234221556886233,145.32009956259498,56.82659823513914,930.2952854204041,554.3718240529847,799.4082634730538,168.5577229849098,1132.2602261198085,159.39756709533097,83.5,1263.0,158.0,925949.2359880952,926226.832625,281.5961607142831,826.656636904762,487.64285714285717,826.656636904762,485.4987648809524,0.6344586372650156,0.797510503432672,1263.0,158.0,168.0,47308.154999999555,57143.01500000001,281.59616071428303,167.0,10506.780000000848,62.91485029940625,107.28848041338054,4.285714285714285,0.0,21.0,21.0,90.0,111.0,983.2058598130754,3.0654205607476634,1744.155626168209,566.7000755278573,0.12149532710280374,2.383177570093458,292.56703738317606,0.357312822588479,791.8547289719572,703.6787663551349,168.39904672896955,191.3511308411182,0.2523364485981308,926270185.1141357,781.3745171448566,466.2870020993702,792.7814051784466,424.1051987403779,3.255979006298111,3.160289713086074,1263.0,83.0,1263.0,158.0,926055.5106047904,926118.4254550898,62.91485029940625,822.9746706586826,484.2298502994013,483.261886227545,99.8139221556886,21.919640718562874,147.40964346108044,63.4828507727916,1236.1705698788617,684.7673140527419,826.2605688622755,172.5373250200799,1460.662329318722,107.28848041338057,107.0,1263.0,166.0,1068695.8921953489,1069147.6101023257,455.7174511627765,823.8940581395348,483.3279069767442,823.8940581395348,489.6453953488372,0.7229972783374743,0.9431175941597894,1263.0,166.0,215.0,97979.25199999697,109638.22499999996,455.71745116277634,214.0,12518.875000000355,58.499415887852095,77.95660733292186,4.909090909090907,0.0,22.0,22.0,108.0,130.0,1947.4943486238635,3.908256880733945,3578.1027155962147,1016.8633531781495,0.027522935779816515,3.4311926605504586,512.7397339449396,0.3864860557377619,1746.113339449547,1598.8214036696784,190.22995412842917,201.38100917431646,0.28440366972477066,1068253607.1964325,807.9866765156489,484.9649412708835,809.7026993506968,449.184530167068,3.295181294229226,3.1825720434814326,1263.0,106.5,1263.0,166.0,1068895.6328411216,1068954.1322570094,58.4994158878521,822.6988551401869,487.7344626168224,488.68207943925233,70.0470093457944,17.801635514018695,103.34367106509971,56.67221391170751,961.0369940920782,629.9936063081227,821.2809579439254,128.79484485892218,1183.5036460076456,77.95660733292185
1271,0,73.5,1271.0,12.0,421451.99743918923,421866.04043918924,418.0427229729673,808.593766891892,522.2297297297297,808.593766891892,517.0602533783783,0.6564412034870526,0.47692846718036697,1271.0,12.0,148.0,61870.32299999915,67630.01900000006,418.04272297296734,147.0,6351.655000000316,43.20853741496818,137.80690807891324,6.0625,0.0,16.0,16.0,97.0,113.0,1286.8470299999958,2.92,2451.4534399999657,937.0400539292896,0.0,2.61,436.2392999999918,0.3846408832174201,1161.2224199999962,1102.6220699999853,123.10464999999735,125.62460999999952,0.23,422593898.2248832,809.8393264738927,519.4248317663059,817.0603465200165,518.3840523919342,3.5592921766897287,3.466577375672639,1271.0,73.0,1271.0,12.0,421631.06841496605,421674.27695238095,43.208537414968156,806.8279931972789,517.372380952381,516.8295238095238,136.74884353741496,9.965986394557829,106.48125888143025,22.15612290663918,571.4338381127649,224.45144343011222,805.4487414965986,113.76191639536549,636.900590875009,137.8069080789132,90.0,1271.0,158.0,928291.3244143645,928628.6861381214,341.3615303867463,814.452458563536,477.5497237569061,814.452458563536,467.46,0.5755907202646864,0.43871209432820024,1271.0,158.0,181.0,61786.437000001075,67226.07500000007,341.3615303867464,180.0,6163.602999999304,34.242238888885026,77.51588792111524,8.25,0.0,12.0,12.0,99.0,111.0,1203.1452616822435,3.3271028037383177,2284.354841121529,661.7862253148461,0.06542056074766354,3.074766355140187,314.06231775701974,0.35254178321369944,1126.967401869161,1068.1302336448778,74.04718691588675,76.17785981308265,0.16822429906542055,928963120.3173112,840.3821023200476,457.72553539559783,830.9286918500893,473.13830993456276,3.651198691255205,3.530444378346223,1271.0,89.5,1271.0,158.0,928440.1000111111,928474.34225,34.242238888885026,812.5820833333335,467.3823611111111,466.26838888888886,76.71736111111112,6.707694444444446,65.85797142549936,11.766970865218779,262.5659192764695,79.15847778470724,812.1797222222223,69.02068062453024,279.7570497216725,77.51588792111525,107.0,1271.0,166.0,1088702.7768465118,1089269.0516372095,570.2745209302428,813.8000348837211,470.0302325581395,813.8000348837211,458.7283255813954,0.7932337521869193,0.5984739794161045,1271.0,166.0,215.0,122609.02200000217,130452.43399999998,570.2745209302429,214.0,8703.35399999714,40.669878504659515,58.467283773379904,7.428571428571431,0.0,14.0,14.0,104.0,118.0,2330.9115963302834,3.889908256880734,4481.3623853211775,1195.9466332130385,0.045871559633027525,3.5779816513761467,612.6352018348803,0.312107545884282,2165.462229357805,2079.5255871559984,161.15560550459045,165.4493669724784,0.1926605504587156,1089360927.8644,816.936833956711,444.3728122509044,805.7249754736648,461.50899472683795,3.4193282849960145,3.356747194800417,1271.0,106.5,1271.0,166.0,1088963.8361542057,1089004.5060327104,40.66987850465953,815.7772663551403,459.19820093457946,457.988831775701,57.056728971962634,7.710210280373835,49.529050023246725,20.185745833649655,357.17413595766556,211.97215916926336,808.2782009345794,57.507248920685726,426.85784176495383,58.46728377337991
1274,0,73.5,1274.0,12.0,360643.4670337838,361124.91286486486,485.44523648648504,842.5863175675676,529.8986486486486,842.5863175675676,522.0464695945946,0.6718800469953354,0.7471519182633428,1274.0,12.0,148.0,71845.89499999977,76673.29899999998,485.44523648648493,147.0,5419.316000000053,36.866095238095575,137.95550059518558,7.461538461538462,0.0,13.0,13.0,97.0,110.0,1472.393139999999,2.92,2853.196119999993,1087.883713588619,0.0,2.67,478.2653599999961,0.4323389245943038,1346.5157899999974,1301.7608299999958,124.83723000000056,125.87735000000161,0.2,363559962.0243063,817.4189088253703,556.7206853745045,815.2751110995201,537.2411407260588,3.406157417066555,3.449896202795744,1274.0,73.0,1274.0,12.0,360847.56785034016,360884.43394557823,36.866095238095575,840.0046938775511,524.2362244897959,520.5537414965986,136.70047619047617,9.054047619047621,144.83120055966714,39.20275766756863,647.0010039865933,267.78899180026957,844.4374149659865,157.41663242837325,725.8733233176858,137.95550059518553,78.0,1274.0,158.0,865045.103044586,865415.570388535,374.4667261146509,795.3136305732484,481.53184713375794,795.3136305732484,467.4438057324842,0.6424185064882658,0.6927038996419648,1274.0,158.0,157.0,58791.276000000194,63510.309000000016,374.46672611465095,156.0,5346.936000000336,34.27523076923292,116.10447178602024,6.466666666666669,0.0,15.0,15.0,97.0,112.0,1111.5287476635515,2.8411214953271027,2140.378018691592,714.7108329793291,0.09345794392523364,2.392523364485981,364.780691588786,0.3777818871487325,951.6191588785036,915.8865794392551,154.30242990654085,159.90958878504782,0.2336448598130841,866413207.7581387,828.6581052830427,478.53371890938854,829.9880599458473,467.12091933757324,3.4141225363642085,3.4746432844279327,1274.0,77.5,1274.0,158.0,865205.6290961539,865239.9043269234,34.27523076923293,791.6684294871793,468.67653846153854,466.9538141025641,114.4086858974359,10.407980769230768,97.56779890556402,20.493910179248125,460.2025522998165,158.51906927622468,795.6599358974357,104.03781787452576,495.6800286936753,116.10447178602026,104.5,1274.0,166.0,1025913.1100476191,1026497.192304762,588.0818333333264,817.9143690476192,456.7595238095238,817.9143690476192,444.10084523809525,0.797871173076541,0.78323077595422,1274.0,166.0,210.0,123497.18499999859,129724.44100000002,588.0818333333265,209.0,7067.167000001064,33.8141961722539,68.0777411584397,9.545454545454543,0.0,11.0,11.0,105.0,116.0,2317.11395412844,3.7981651376146788,4502.209981651323,1246.6200214734947,0.027522935779816515,3.5596330275229358,622.2383119266036,0.32134968808937064,2150.448422018346,2086.0540458715354,165.0509449541259,166.66553211009446,0.1559633027522936,1030184578.1049143,799.9998779134295,466.78993155752863,801.5948199531384,455.95958132938705,3.4265270070292266,3.42413028733506,1274.0,104.0,1274.0,166.0,1026169.213138756,1026203.0273349283,33.814196172253894,818.8219138755982,444.7631100478469,443.0742105263158,65.5322009569378,9.740526315789475,57.2895771878328,18.474492906538902,363.64824485053293,153.83730353965623,815.6642105263159,64.29318944725055,396.72476534069193,68.07774115843968
1318,0,76.0,1318.0,12.0,10694055.571542485,10694567.395509804,515.8238366013576,800.313431372549,507.79411764705884,800.313431372549,521.2482516339869,0.708338841798652,0.6283097322313876,1318.0,12.0,153.0,78921.0470000077,84192.72900000028,515.8238366013577,152.0,5883.661999991164,38.70830263152082,135.99873118632598,5.315789473684211,0.0,19.0,19.0,101.0,120.0,1614.8155900000409,3.0,3132.8395600003005,1169.926588464551,0.0,2.57,510.55682000003753,0.4283954333291936,1380.4400200000405,1333.5634800002165,232.8562999999337,234.3755700000003,0.32,10697544793.97834,823.6406773703211,549.1863547406423,820.0806878206347,544.4397154664639,3.3183792513775416,3.386145259357781,1318.0,75.5,1318.0,12.0,10694270.870907893,10694309.579210525,38.708302631520816,798.3793092105263,521.8079934210526,519.0359868421052,134.4488486842105,11.223782894736837,96.58100605600484,16.042843521898416,329.26519780438537,100.8131448504549,797.4152631578947,103.27296609355088,383.2890024149281,135.99873118632595,98.5,1318.0,158.0,11242024.808111109,11242461.760595962,440.9520959596366,847.326856060606,480.07575757575756,847.326856060606,494.98256313131316,0.6179216641393106,0.5351594569666335,1318.0,158.0,198.0,87308.51500000805,93499.7379999999,440.95209595963655,197.0,6983.145999984816,35.44744162428839,83.74204883258875,3.5,0.0,30.0,30.0,105.0,135.0,1687.5589626169128,3.663551401869159,3245.483439252686,815.2709562638544,0.056074766355140186,3.1588785046728973,392.6085607477368,0.37620995028529236,1505.7827476636446,1442.3493271030347,180.39239252330822,181.77621495326824,0.38317757009345793,11241707851.439838,809.094300012832,502.2587428889174,800.289500834082,487.0908169724967,3.2839603918046114,3.309440095812481,1318.0,98.0,1318.0,158.0,11242228.28943655,11242263.736878172,35.4474416242884,844.8777664974618,494.88956852791875,492.96850253807105,81.96484771573603,8.833604060913707,76.1932713345272,14.513352333516243,303.39228987621453,81.04921628265579,849.1910913705585,80.87037908030645,322.033461899264,83.74204883258875,141.5,1318.0,166.0,11469721.734749999,11470453.530612677,735.7954823943511,794.3249119718309,465.42605633802816,794.3249119718309,484.92866197183093,0.779387203364677,0.6683563864812999,1318.0,166.0,284.0,208965.9169999957,219160.72100000083,735.7954823943514,283.0,11330.696000000462,40.0377950530052,55.13955184867212,3.7058823529411753,0.0,34.0,34.0,126.0,160.0,3949.191422018385,5.155963302752293,7648.363522935624,1654.71939693073,0.0,4.192660550458716,816.0104770642287,0.3241700267323207,3293.245577981644,3182.3981009173385,641.7836605504737,655.9458440367406,0.5321100917431193,11473299452.648594,827.6252723689253,494.1147756264029,816.8151094037994,486.72383743635595,3.169823712976988,3.1857718488238405,1318.0,141.0,1318.0,166.0,11470056.27167491,11470096.309469964,40.03779505300517,794.6766431095407,483.8530212014134,483.36409893992936,52.36319787985866,8.25111307420495,59.462770133080554,24.83264420332399,316.29939925646516,143.5269275497339,791.145706713781,70.03880518298513,355.80136479984594,55.1395518486721
1322,0,73.5,1322.0,12.0,367442.71122297295,368000.7188648648,562.00714864865,818.3532432432432,547.331081081081,818.3532432432432,545.847483108108,0.8058535651434079,0.7289360489595307,1322.0,12.0,148.0,83177.0580000002,87692.39000000004,562.0071486486501,147.0,5107.25900000002,34.7432585034015,141.0666924998543,6.399999999999999,0.0,15.0,15.0,96.0,111.0,1693.417429999999,2.9,3303.247280000006,1288.2893002281041,0.0,2.61,550.7043599999993,0.4636638480087762,1533.1883699999976,1492.2747200000013,159.34892000000167,160.22906000000134,0.21,369243914.97081226,829.0302161718428,545.7770962740001,849.0243134035665,564.0627021480367,3.935292561681945,3.762295343640261,1322.0,73.0,1322.0,12.0,367694.00155102037,367728.7448095238,34.7432585034015,817.3261224489796,546.4531292517007,544.306768707483,135.45401360544216,16.028605442176865,133.72700400353602,34.290916994964974,524.9996108301423,189.1253700384781,819.0489795918368,146.64170919228138,580.6967179917289,141.06669249985424,112.0,1322.0,158.0,923410.9018711111,923891.8208311112,484.9183733333321,809.9504999999999,491.67333333333335,809.9504999999999,483.91171111111106,0.7860608379103281,0.6958231853672281,1322.0,158.0,225.0,109106.63399999969,115905.84600000003,484.91837333333217,224.0,7699.080000000657,34.370892857145805,73.60504452712722,5.666666666666665,0.0,18.0,18.0,102.0,120.0,2114.769757009345,4.149532710280374,4063.051140186908,933.8337488779971,0.037383177570093455,3.803738317757009,447.7380747663534,0.3379363248589905,1917.5509999999995,1835.9509719626099,195.574598130844,197.21875700934586,0.22429906542056074,923059473.5704772,798.3761454056106,467.29904282115865,820.1129074221042,486.5738211241848,3.7525054345950797,3.6691836030502745,1322.0,111.5,1322.0,158.0,923636.8271741072,923671.1980669644,34.37089285714579,810.7814955357143,484.28863839285714,482.8300446428571,70.47662946428572,11.210870535714282,84.50589652639653,38.44352907452825,336.6001961356994,196.11036261719008,806.2469196428572,100.51690852602691,417.7103822870313,73.60504452712719,108.5,1322.0,166.0,1117851.1119495414,1118469.37053211,622.2579678899166,821.3760779816513,470.8830275229358,821.3760779816513,466.53403669724776,0.9173105771258304,0.7368129439814294,1322.0,166.0,218.0,135652.23700000183,142267.54099999994,622.2579678899166,217.0,7487.16999999783,34.50308755759368,57.73104084417676,6.8666666666666645,0.0,15.0,15.0,103.0,118.0,2562.275495412857,3.944954128440367,4961.92620183492,1331.9952353682345,0.06422018348623854,3.5688073394495414,595.2061100917518,0.2682902019470414,2360.751357798171,2283.6218440367247,197.34125688073541,201.5241376146858,0.21100917431192662,1118232365.9497638,821.6592778027663,447.3709518722591,850.09047031373,473.8039868435849,3.6091650736534353,3.5547905656134042,1322.0,108.0,1322.0,166.0,1118142.666686636,1118177.1697741935,34.50308755759369,824.8607834101383,466.63767281105993,464.76949308755763,55.73179723502304,8.868317972350232,59.95941603791701,26.233298765949822,336.8140513253058,201.88021907631372,813.8423502304147,70.75460801322166,407.5273414359359,57.73104084417676
1377,0,84.5,1377.0,12.0,309245.81024117646,309573.78013529413,331.96957058823455,786.3084264705882,534.1176470588235,786.3084264705882,520.8862058823529,0.7597272239688385,0.844294911609675,1377.0,12.0,170.0,56434.82699999986,63586.441999999995,331.9695705882345,169.0,7831.56,46.34059171597631,131.58871642325784,5.941176470588239,0.0,17.0,17.0,101.0,118.0,1207.1348300000013,3.36,2234.9955999999934,742.9530571495409,0.0,2.94,354.21213000000046,0.3801146868272893,1061.7477599999984,979.9110699999956,137.58673000000127,145.38707000000286,0.28,310951443.0314465,783.7831786163522,509.9837509433962,777.0814886792452,527.3178144654088,4.01554716981132,3.9641452830188677,1377.0,84.0,1377.0,12.0,309377.5142544379,309423.8548461538,46.340591715976316,785.1810946745562,523.2560355029586,520.9687869822485,128.72866863905324,14.280502958579875,109.72588818861227,39.82441709789634,672.0970069397206,431.2652959866637,781.6747928994083,126.1565225841595,835.0890707238757,131.58871642325784,110.5,1377.0,158.0,808628.7561171171,808927.3996126126,302.6429639639635,838.0320495495495,467.4549549549549,838.0320495495495,459.09995495495497,0.6906593312343918,0.8818714985146832,1377.0,158.0,222.0,67186.7379999999,76777.19000000008,302.6429639639636,221.0,10478.334000000032,47.4132760180997,63.66866621712142,9.900000000000004,0.0,10.0,10.0,99.0,109.0,1372.4413271028,4.11214953271028,2490.8767102803713,605.6039416529151,0.07476635514018691,3.822429906542056,301.5959906542095,0.33589679632080643,1290.5040373831735,1165.2956448598138,80.14271028037183,81.93728971962652,0.1588785046728972,810159610.133757,806.5003432470442,433.6686702432419,781.4617329027553,449.88016875878947,3.76222772019376,3.6291536017500907,1377.0,110.0,1377.0,158.0,808748.1381764706,808795.5514524886,47.413276018099694,838.6561990950224,462.0755429864254,459.9808823529412,59.639253393665165,12.079004524886875,91.36226363401498,44.843216835843506,924.4678538407676,509.7376269902389,832.9611990950227,110.05325148575987,1090.0698820873617,63.66866621712141,135.5,1377.0,166.0,998365.987305147,998824.6677095587,462.67992647058674,826.5302389705881,461.3547794117647,826.5302389705881,451.0944025735294,0.796713800197954,0.9658113378539748,1377.0,166.0,272.0,125848.93999999955,137655.79300000003,462.67992647058674,271.0,12894.723000000464,47.58200369003861,52.37772348057436,7.200000000000004,0.0,15.0,15.0,108.0,123.0,2452.033284403672,4.91743119266055,4577.209614678893,978.0577866440428,0.045871559633027525,4.4495412844036695,480.1999816513661,0.30618678422667284,2257.6618807339464,2100.83838532109,187.76642201835645,194.3714036697259,0.23853211009174313,1000858710.9316366,807.0387492373399,437.2065806676544,777.841009035707,450.10636537958686,3.839246637031871,3.6994224120398616,1377.0,135.0,1377.0,166.0,998563.191782288,998610.7737859777,47.58200369003861,828.5057749077491,452.2646863468635,451.9541697416974,46.25252767527675,13.750332103321037,107.77800355961436,63.80752079554682,1035.7540150509985,603.1950344459722,821.5269372693728,133.91265665781967,1225.3234053213916,52.377723480574346
1380,0,76.5,1380.0,12.0,403650.7346623377,404164.3479350649,517.6130714285669,836.9817857142857,521.8441558441558,836.9817857142857,520.1848538961038,0.7915368350052032,0.7976171487475556,1380.0,12.0,154.0,79712.4129999993,87124.02600000006,517.6130714285667,153.0,8027.58200000058,52.4678562091541,118.0521681097917,9.799999999999997,0.0,10.0,10.0,98.0,108.0,1669.519379999995,3.02,3153.2960399999724,1181.5725523030153,0.0,2.78,551.3224599999952,0.3413132234227523,1558.8933299999958,1468.7813499999872,107.86666999999899,110.62604999999922,0.18,409441034.59031445,808.7289635070002,555.5078196006427,806.2073959146201,562.2712513197154,4.084894193252238,3.8815951342666972,1380.0,76.0,1380.0,12.0,403845.1535686275,403897.62142483663,52.4678562091541,837.9995751633987,520.9927124183006,519.1348366013073,116.73029411764706,11.130555555555556,123.41492691695915,53.09603169571166,812.9066934034828,545.4638576588108,831.5484967320263,143.67530879254352,1023.8401878239055,118.05216810979167,101.0,1380.0,158.0,949518.6622906404,949980.4153940886,465.7526453201994,845.2534975369459,480.39162561576353,845.2534975369459,478.39293103448284,0.6727862224192503,0.5975265379915616,1380.0,158.0,203.0,94547.78700000048,101250.75899999996,465.75264532019935,202.0,7514.878999999957,37.20237128712849,67.37652081072123,10.777777777777784,0.0,9.0,9.0,97.0,106.0,1839.98556074766,3.7570093457943927,3515.6592897196415,866.8531604490146,0.06542056074766354,3.532710280373832,418.20521495327307,0.31772624310111786,1736.371242990652,1655.8227663551506,102.00687850466994,103.61431775700788,0.12149532710280374,951979497.3992574,869.040437255599,480.568122605364,854.5557194770312,491.03884543982304,4.0091167989888215,3.736799778804756,1380.0,100.5,1380.0,158.0,949719.9083069306,949757.1106782178,37.2023712871285,844.777698019802,479.8332673267327,477.41435643564364,66.07294554455444,8.833267326732674,71.05370226141802,28.34675004567909,443.1993776093145,247.8493903922089,841.3221287128713,80.90369414273523,519.4730338889212,67.37652081072122,120.0,1380.0,166.0,1168314.4532406642,1168967.4544605808,657.0008838174313,817.1226867219917,473.051867219917,817.1226867219917,464.48037344398335,0.6963561296657736,0.6651291517512189,1380.0,166.0,241.0,158337.2130000009,166508.79399999997,657.0008838174308,240.0,9135.49999999837,38.06458333332654,56.43736901480236,9.909090909090912,0.0,11.0,11.0,109.0,120.0,2999.543669724777,4.36697247706422,5791.611669724807,1405.9163723708039,0.03669724770642202,3.9908256880733943,701.0131284403571,0.2816431808748833,2760.852807339452,2662.2155779816653,233.5902568807381,238.6908623853254,0.2018348623853211,1166059944.3892825,818.791960704249,441.25850527226004,808.4969127855309,458.55850287031916,3.927659548915524,3.6910854370331228,1380.0,119.5,1380.0,166.0,1168632.6842,1168670.7487833335,38.064583333326546,819.2736041666667,465.1042708333333,463.9534791666666,54.47252083333333,8.887541666666666,65.2771494990185,32.901243652544366,397.79929658073667,268.35421639611997,811.7562916666667,78.00904060687286,493.5440103697502,56.43736901480238
1021,1,75.0,1021.0,12.0,405341.44381456956,405789.0310463576,451.5869205297998,801.3559437086093,534.1556291390729,801.3559437086093,523.7114900662251,0.6441924184886529,0.5114657261574903,1021.0,12.0,151.0,68189.62499999978,73873.30399999999,451.58692052979984,150.0,6287.6320000001,41.91754666666732,153.98669340408674,4.666666666666667,0.0,21.0,21.0,98.0,119.0,1395.1926699999976,2.96,2684.870279999988,1015.734149537097,0.0,2.6,439.31399999999616,0.42168409556631903,1235.6061999999977,1184.0094199999928,158.425720000001,159.58646999999996,0.29,406838039.51375055,812.095015158077,545.2367291035081,816.4785264183629,520.8957817236899,3.624374187960156,3.917438284971849,1021.0,74.5,1021.0,12.0,405535.8059866667,405577.72353333334,41.917546666667334,800.0256333333333,523.7117,520.7415333333335,152.21790000000001,12.920499999999993,92.52270542992184,17.907966635223342,261.56372926347683,64.21959662069841,797.8322000000001,98.48801124109251,272.4152283969467,153.98669340408668,101.0,1021.0,158.0,962549.6607044333,962941.2134581282,395.5524236453213,845.4282389162562,490.8152709359606,845.4282389162562,481.42089901477834,0.6261507266822496,0.5274973127098105,1021.0,158.0,203.0,80297.14200000024,87904.06799999997,395.5524236453212,202.0,8418.859000000288,41.677519801981596,82.27755034595984,4.519999999999998,0.0,25.0,25.0,113.0,138.0,1569.9189719626174,3.7570093457943927,2975.7481121495452,815.6422807031286,0.028037383177570093,3.196261682242991,392.7136448598173,0.33431392499118034,1368.3272523364503,1292.074710280379,195.79934579439387,201.59171962616725,0.38317757009345793,962223417.3198363,813.191526842584,485.49925068243857,798.7458475887171,460.04282120109184,3.608150136487716,3.8889585987261146,1021.0,100.5,1021.0,158.0,962727.1923019802,962768.8698217821,41.677519801981624,842.9882673267325,482.33210396039607,479.53980198019804,79.13121287128713,11.345866336633664,67.64635637951453,24.128853506551724,427.92444230130866,200.27590620047317,844.7503217821783,78.05879424719066,492.0695949312231,82.27755034595982,115.5,1021.0,166.0,1152710.550275862,1153357.990525862,651.4399956896658,791.2474137931034,475.38577586206895,791.2474137931034,462.4187823275862,0.772559370723252,0.6869634409943062,1021.0,166.0,232.0,151134.07900000244,159141.5989999999,651.4399956896659,231.0,8935.460999999428,38.68164935064686,60.78890205964134,5.181818181818178,0.0,22.0,22.0,114.0,136.0,2858.343669724779,4.201834862385321,5525.6583119267,1435.6652121545703,0.01834862385321101,3.743119266055046,652.449990825702,0.33719243231602136,2529.864541284413,2438.2025045871933,324.6266513761569,328.4791284403657,0.3302752293577982,1155876138.5532658,798.0661561659672,481.4402236686688,791.5646942776004,457.0485710336509,3.5487718328265183,3.8532773742806166,1021.0,115.0,1021.0,166.0,1153002.6357402601,1153041.3173896105,38.68164935064687,793.0235281385281,462.477987012987,460.6304978354978,58.96606060606061,7.862164502164499,55.66315437900521,20.289741773452672,357.5486688592857,166.9316979696406,786.705303030303,62.71561830535778,398.66557888479576,60.78890205964132
1082,1,84.5,1082.0,12.0,366013.9976176471,366557.73629411764,547.7385058823552,811.0326029411765,523.2823529411764,811.0326029411765,520.1516176470587,0.7446317942583951,0.7197239390306595,1082.0,12.0,170.0,93115.54600000035,99419.13800000005,547.7385058823551,169.0,6983.5629999999655,41.32285798816548,129.03459473279625,6.0625,0.0,16.0,16.0,97.0,113.0,1934.2239500000037,3.38,3716.7814000000153,1292.9754389462228,0.0,3.08,606.2474000000017,0.3420406099933764,1791.4274400000006,1717.8336400000042,140.55706000000356,142.79651000000302,0.23,368740740.6366306,830.7477372380224,521.1361068425922,834.6838702280863,543.5019614626494,3.8450106601230942,3.728938814916127,1082.0,84.0,1082.0,12.0,366250.69107100595,366292.01392899407,41.322857988165474,811.0747337278107,522.7218934911242,520.3888165680473,126.63653846153849,12.964556213017756,109.10127753434398,24.044027067053683,507.15418700785096,178.95798627307397,811.1945857988164,116.62876388343757,555.9271772644356,129.03459473279625,138.0,1082.0,158.0,948450.4224981949,948996.1724584837,549.7493826714781,830.6198646209386,464.8682310469314,830.6198646209386,458.66254512635385,0.6747743902496345,0.6082126379283492,1082.0,158.0,277.0,152280.57899999944,164369.34099999993,549.7493826714781,276.0,13196.601999999368,47.81377536231658,60.2165413082536,4.148148148148147,0.0,27.0,27.0,112.0,139.0,3003.026925233642,5.140186915887851,5676.285121495309,1066.1782102335874,0.06542056074766354,4.4392523364485985,536.603934579431,0.27790005967225767,2652.5925327102786,2494.1357570093355,344.00680373831887,350.4343925233632,0.42990654205607476,953126782.4000925,856.3501854104823,458.52717504501436,849.6995527762908,472.08829261764566,3.926903985595406,3.8065589566402265,1082.0,137.5,1082.0,158.0,948683.4430978261,948731.2568731884,47.81377536231657,830.7448550724638,460.9450724637681,459.69152173913045,57.10054347826086,9.757499999999995,64.87829792873656,25.16027184360887,528.8012571086626,287.21601972946854,827.9753985507247,75.00070669073573,629.1227585818915,60.2165413082536,170.5,1082.0,166.0,1271591.6580263157,1272395.141722222,807.4833479532134,801.861798245614,460.3421052631579,801.861798245614,454.73045321637426,0.815901847407598,0.7833741401189793,1082.0,166.0,342.0,276159.30499999895,294090.02900000004,807.4833479532132,341.0,19298.604999999287,56.59414956011519,47.85522165588447,3.5,0.0,36.0,36.0,126.0,162.0,5311.592467889912,6.238532110091743,10116.225908256845,1721.5776077402377,0.01834862385321101,5.293577981651376,782.6307889908326,0.2257018922311451,4582.003302752305,4348.7759357798195,709.3370183486035,729.5891651376065,0.5688073394495413,1275462656.2943656,796.6380056030789,444.3839437788144,790.1750962179217,458.02481497599655,3.6616565802178673,3.545160816526363,1082.0,170.0,1082.0,166.0,1271954.9352668622,1272011.5294164224,56.5941495601152,803.6314809384163,455.3952052785924,455.2544281524927,43.16980938416422,10.997697947214075,62.6863645476401,25.98919443700856,679.9520492699693,351.4705562180972,797.2593255131965,72.22215744112539,787.6031778388495,47.85522165588446
1113,1,87.0,1113.0,12.0,362715.16061142855,363282.97392,571.813040000004,837.5761714285716,518.3342857142857,837.5761714285716,530.0874857142857,0.6911247616419189,0.5975953130214887,1113.0,12.0,175.0,100067.28200000073,105934.63400000003,571.8130400000038,174.0,6567.304999999236,37.74313218390364,130.55559218634312,4.809523809523809,0.0,21.0,21.0,101.0,122.0,2060.2982500000053,3.46,3985.2527600000262,1254.740083618207,0.0,3.1,516.5067300000082,0.4223227614257328,1809.1907700000045,1741.4793700000137,251.14700999999943,251.1074800000008,0.32,369014402.12405616,816.20558743582,576.3428948958018,814.5958328299606,568.6493091211114,3.5770280881908785,3.779193219571126,1113.0,86.5,1113.0,12.0,362945.6361896552,362983.3793218391,37.743132183903654,837.620948275862,532.2469252873564,527.3111206896552,128.45287356321842,10.74545977011494,95.69866922104008,13.43127896603457,280.1457865059727,87.8755425479399,835.4264655172414,99.57124084353514,304.30989209577785,130.55559218634312,121.0,1113.0,158.0,899758.6376213991,900212.6556872429,458.01776131687,837.000596707819,451.4053497942387,837.000596707819,436.313816872428,0.7050182483592845,0.6730454424546434,1113.0,158.0,243.0,111298.3159999994,117549.60699999995,458.01776131686995,242.0,7223.217000000295,29.84800413223263,62.7624901865895,4.391304347826086,0.0,23.0,23.0,101.0,124.0,2148.6330654205553,4.485981308411215,4143.9414579439035,822.1950060452565,0.14018691588785046,3.94392523364486,404.8627289719586,0.37199284875376,1912.5408691588732,1839.317897196251,232.65283177570097,236.09219626168215,0.3644859813084112,904519275.5071448,847.511246257485,455.4176190800218,845.6432039330431,456.83696243875886,3.558376769188895,3.730424605334785,1113.0,120.5,1113.0,158.0,899951.9968347107,899981.844838843,29.848004132232624,836.6697107438017,436.3389462809917,435.741694214876,61.14750000000001,8.332293388429749,63.55263077448753,20.344767522788747,215.22144020445396,87.08772740625544,835.8171280991735,71.566071367961,239.07948626027124,62.76249018658953,156.0,1113.0,166.0,1164478.564801917,1165234.741546326,760.1764696485656,807.3807428115016,471.9281150159744,807.3807428115016,477.5117891373802,0.9031556620782282,0.8413797808778987,1113.0,166.0,313.0,237935.23500000103,247138.37000000002,760.1764696485654,312.0,10455.048999999415,33.50977243589558,54.71247923099789,3.6111111111111107,0.0,36.0,36.0,130.0,166.0,4467.3832293577925,5.706422018348624,8710.425541284443,1715.1075966585252,0.0,4.779816513761468,894.5321284403647,0.3626345694716365,3811.9621834862364,3707.6076972477263,647.6050733944952,655.4210458715562,0.5871559633027523,1164100469.0830853,825.0522714914553,470.9629240031072,822.4181910279648,471.51967649533924,3.496147397721388,3.6646737441740034,1113.0,155.5,1113.0,166.0,1164842.328637821,1164875.8384102564,33.50977243589557,808.2628846153847,478.2056250000001,476.2610897435897,51.89294871794871,9.628733974358969,62.82398751694003,30.248684902636395,228.62031633889876,154.37881111729146,803.0235256410257,76.56175222131517,289.39918579426205,54.71247923099789
1115,1,78.5,1115.0,12.0,452972.5775569621,453458.1813987341,489.6035696202524,796.2666930379747,519.4683544303797,796.2666930379747,528.4272310126581,0.8408743641713701,0.7197897994190302,1115.0,12.0,158.0,77357.36399999987,81945.123,489.6035696202525,157.0,5219.716000000073,33.246598726115124,163.267362144478,7.07142857142857,0.0,14.0,14.0,99.0,113.0,1499.6710299999977,3.09,2910.948859999995,1101.2912851332146,0.0,2.64,504.63218999999634,0.3294244535519127,1311.6422199999977,1274.8857299999968,180.58870000000053,188.02880999999994,0.25,456183215.07589066,845.8090156173741,562.2940253782333,827.8365846754515,546.3131849682773,4.618085407515861,4.3134065397755,1115.0,78.0,1115.0,12.0,453179.86529936304,453213.1118980892,33.24659872611512,794.2195859872611,530.2485031847134,525.4001273885351,160.46691082802548,15.407484076433123,121.08784567800124,23.669071082668946,350.90549623708,101.8780049687775,795.0187261146496,130.33670807419043,388.2346695425858,163.26736214447803,97.5,1115.0,158.0,1045885.4849183672,1046224.2134948978,342.72782653061216,828.3308673469389,468.8673469387755,828.3308673469389,467.0867729591837,0.7131355023877461,0.8023340561334549,1115.0,158.0,196.0,67174.65399999998,72461.91500000004,342.72782653061205,195.0,6071.114000000176,31.133917948718864,106.70323896753679,4.363636363636362,0.0,22.0,22.0,96.0,118.0,1298.32571962617,3.607476635514019,2481.9010093457928,647.7504204871641,0.08411214953271028,3.2523364485981308,327.07611214954005,0.40441921441483236,1174.5554672897213,1118.6000093457956,122.35049532710087,123.77025233644875,0.2523364485981308,1046866789.3686738,855.7673122136983,479.961108228931,821.2187256471108,459.07157734974334,4.827587063303715,4.481288702467023,1115.0,97.0,1115.0,158.0,1046035.1290051282,1046066.2629230769,31.133917948718853,825.0761538461537,470.1110512820513,464.04458974358977,100.64279487179488,17.93564102564103,98.66385301117883,38.91664955549372,337.9916009648255,159.92057569596363,829.9303333333334,115.97954493956901,381.36361758894145,106.70323896753678,108.0,1115.0,166.0,1261312.535400922,1261969.4022857144,660.8664009216496,808.928801843318,460.2834101382488,808.928801843318,456.1240783410138,0.8900796455236207,0.8125066246290817,1115.0,166.0,217.0,143408.00899999798,148947.48900000006,660.8664009216494,216.0,6407.374999998603,29.663773148141686,66.82491998498664,9.454545454545457,0.0,11.0,11.0,104.0,115.0,2683.445467889924,3.944954128440367,5238.897614678829,1393.3165271611435,0.03669724770642202,3.7155963302752295,710.167284403667,0.3497216556396483,2551.5660366972616,2488.3766422018007,131.07216513761395,131.87943119266276,0.1559633027522936,1262009248.0436873,845.7553402072928,472.79986010418344,797.8250217496376,440.2995411095,4.593731808173568,4.273228612856452,1115.0,107.5,1115.0,166.0,1261624.4410648148,1261654.104837963,29.66377314814168,811.8807175925925,457.95430555555555,453.52023148148146,61.504675925925916,12.437870370370375,56.115118149546205,23.565116007413287,202.73237889563939,94.37037122480542,803.3995138888888,67.19851489618243,229.20745299266193,66.8249199849866
1134,1,86.5,1134.0,12.0,329329.99174712645,329914.7446321839,588.7524482758643,797.6863362068965,515.5632183908046,797.6863362068965,513.9791810344827,0.7070456634655967,0.5144701603072368,1134.0,12.0,174.0,102442.92600000044,108978.14200000005,588.7524482758645,173.0,7231.139999999898,41.798497109826,136.94474120809897,4.521739130434783,0.0,23.0,23.0,104.0,127.0,2109.5702300000003,3.44,4080.7597200000146,1335.505424341423,0.0,2.94,591.6594800000021,0.4266008108751448,1813.9187200000008,1748.3270600000071,292.0528000000003,295.6515099999995,0.37,334353604.281992,807.3236082058057,535.4277254211164,799.1656948878858,538.3140673052222,3.149187860104958,3.1463506917685056,1134.0,86.0,1134.0,12.0,329574.13221387286,329615.93071098265,41.798497109825995,796.0709248554914,516.1643352601156,512.3971098265897,135.78398843930637,10.207976878612723,121.50607475421023,25.781739371916508,636.3971317710309,227.67854235573327,799.6946242774566,128.66485020734865,692.4278820987214,136.94474120809895,113.0,1134.0,158.0,891099.9799471366,891495.327290749,399.3470176211399,850.2221475770924,478.95814977973566,850.2221475770924,476.4633149779735,0.708661752193582,0.4776675550792732,1134.0,158.0,227.0,90651.77299999874,98055.2300000001,399.3470176211399,226.0,8311.383000001078,36.77603097345611,99.46738137990864,3.0810810810810816,0.0,37.0,37.0,114.0,151.0,1769.5956168224247,4.224299065420561,3377.038242990608,729.3259441676818,0.07476635514018691,3.439252336448598,342.6243644859794,0.3925826872311838,1436.9523644859764,1361.2589719626,327.26014953270385,332.6432523364484,0.5514018691588785,889811832.3556905,892.1672670225337,457.60179780775024,886.18940874455,458.8031661301495,3.3313944012061447,3.258079947842386,1134.0,112.5,1134.0,158.0,891285.645300885,891322.4213318585,36.7760309734561,847.2946238938054,477.00630530973444,475.2832522123893,98.70095132743361,8.186415929203543,91.49138166017897,17.082418403590932,484.94314259679396,161.08390998374122,850.0981415929203,96.20978875158133,521.8910948323868,99.46738137990866,197.5,1134.0,166.0,1200926.9120025253,1201681.5719772729,758.6595934343429,831.7248989898989,455.82070707070704,831.7248989898989,457.28388888888884,0.7881442553390691,0.5670741304969024,1134.0,166.0,396.0,300429.1989999999,314075.92,758.6595934343433,395.0,15230.570000001928,38.558405063296036,54.60070520390137,3.170731707317074,0.0,41.0,41.0,130.0,171.0,5691.272311926606,7.247706422018348,11012.301577981647,1549.5688218775042,0.01834862385321101,5.844036697247707,632.1245045871676,0.395767092852762,4653.864183486237,4492.521036697239,1013.6297522935847,1037.4081284403683,0.6513761467889908,1197138317.0920765,820.9115760537569,442.12703293626544,807.703621462024,445.67553985949905,3.2277461311341886,3.175773645896966,1134.0,197.0,1134.0,166.0,1201295.2714405064,1201333.8298455698,38.55840506329602,831.5942911392405,457.39986075949366,456.8097088607595,53.40387341772153,6.648810126582275,67.31926954104416,20.641164224691487,490.84394216069774,226.55941904725296,830.853506329114,74.1284937642604,556.3434799921954,54.60070520390138
1166,1,95.0,1166.0,12.0,455672.77781675395,456281.35195811524,612.573696335081,842.3963219895288,468.0916230366492,842.3963219895288,446.3061387434555,0.9335485777569236,1.0373668661064408,1166.0,12.0,191.0,117001.57600000054,125068.84699999998,612.5736963350809,190.0,8831.185999999698,46.47992631578784,101.08083564215883,5.125,0.0,16.0,16.0,82.0,98.0,2448.940270000003,3.76,4670.945000000021,1217.9042311929852,0.15,3.12,462.0771900000033,0.4098829568588489,2049.1328400000016,1950.4218800000112,385.0506199999992,399.8074300000013,0.27,463702653.6767499,856.9073469126723,477.0928583762351,851.9167774118249,464.13842611837686,3.6474476385380363,3.5209161257314614,1166.0,94.5,1166.0,12.0,455913.1849,455959.66482631577,46.47992631578787,842.2226578947368,448.08131578947376,444.5574210526316,95.24323684210529,16.287000000000006,128.51819203685736,48.616443831888674,814.8004097374077,381.2634330495434,842.0316842105262,145.94945074215548,917.8535312149523,101.08083564215886,175.5,1166.0,158.0,1179688.2110823863,1180292.1442471591,607.9327613636474,855.7973082386362,483.125,855.7973082386362,465.37122159090904,0.9648893046129817,0.9530907099077496,1166.0,158.0,352.0,213992.33200000387,227451.753,607.9327613636473,351.0,14867.278999998234,42.356920227915204,55.2064899859014,3.53125,0.0,32.0,32.0,113.0,145.0,4144.446280373839,6.429906542056075,7935.86134579453,1274.131707497378,0.04672897196261682,5.177570093457944,589.7497570093539,0.3290115453773607,3356.85743925235,3211.368514018745,756.5621588785206,787.5888411214893,0.4953271028037383,1181034144.733181,839.6703708457886,467.3065308598558,821.9392776507825,443.7495957446808,3.5586722349217514,3.410222437137331,1166.0,175.0,1166.0,158.0,1179966.0305156696,1180008.3874358975,42.3569202279152,856.5060541310542,466.46490028490024,463.8544444444445,50.00611111111111,13.111623931623932,130.7465890937168,73.8225475637381,516.434599486109,367.38132612486766,852.1105413105413,157.82202419521064,663.9455343026423,55.20648998590139,236.5,1166.0,166.0,1546757.0361054852,1547362.9586582277,609.9222215189882,815.9686814345993,464.3143459915612,815.9686814345993,440.1095147679324,1.1602646485831307,1.0836789604957142,1166.0,166.0,474.0,289103.13300000044,313400.36299999984,609.9222215189884,473.0,26193.072999999396,55.37647568710232,47.05781954904701,3.047619047619047,0.0,42.0,42.0,128.0,170.0,5613.525422018351,8.53211009174312,10529.296403669743,1369.1449188180502,0.027522935779816515,5.752293577981652,616.4938623853254,0.2930225606639536,3876.9103761467945,3624.9779174312066,1639.6702844036654,1736.6150458715556,0.7339449541284404,1551539319.7007236,781.6948448806135,439.8519847113924,755.1013684452328,416.27799091361555,3.502861955869779,3.4042552865656788,1166.0,236.0,1166.0,166.0,1547022.8433192389,1547078.2197949262,55.376475687102314,816.7247674418603,440.25854122621564,440.49105708245236,39.8062156448203,14.738477801268498,170.54248743719202,108.52109027747372,951.1237000092093,581.3035638185173,814.4292283298098,213.82244878161262,1145.7317067377996,47.057819549047004
1300,1,114.5,1300.0,12.0,412644.9982826087,413205.59445652174,564.595573913042,817.6612717391303,490.1347826086957,817.6612717391303,495.2974891304348,0.739124365486598,0.8421288044391742,1300.0,12.0,230.0,129856.98199999964,139975.80399999997,564.5955739130422,229.0,11038.683999999892,48.203860262008284,108.92035374664128,3.8,0.0,25.0,25.0,95.0,120.0,2728.1251600000023,4.56,5180.679359999988,1095.1218213951042,0.13,3.87,436.0866999999987,0.3470244524099103,2382.272920000003,2253.846469999994,336.49321,345.8522399999993,0.45,417477052.5177005,818.8418754821566,484.743150375725,824.7457044486985,519.0168441955485,3.5388608245949884,3.30908168804823,1300.0,114.0,1300.0,12.0,412881.3264061135,412929.5302663756,48.20386026200826,807.9866375545852,495.61740174672485,487.76120087336244,101.37425764192142,22.575545851528396,271.6343138963513,161.39948631913413,1017.3859383730189,660.1917233894346,814.5664847161572,326.3498939771079,1227.216136545225,108.92035374664128,195.0,1300.0,158.0,1098749.4320741687,1099286.544849105,541.1121125319744,850.5279859335038,473.0882352941176,850.5279859335038,506.85462276214844,0.7816900320047945,0.9469011812568446,1300.0,158.0,391.0,211574.83600000202,226500.10499999986,541.1121125319743,390.0,16489.009999998845,42.27951282050986,55.82204825205495,3.8,0.0,30.0,30.0,114.0,144.0,4160.2284485981245,7.252336448598131,7888.710317757081,1102.2409169606203,0.04672897196261682,6.355140186915888,550.6499906542176,0.3039637912094638,3649.9925607476594,3447.277130841146,497.07802803739446,510.235887850465,0.4766355140186916,1104275000.991277,840.8911820172341,498.1280532207939,814.825316428874,530.0280917149314,3.8348518505438625,3.5650572114705468,1300.0,194.5,1300.0,158.0,1098983.374474359,1099025.6539871793,42.27951282050986,851.8853333333334,507.49549999999994,506.2900256410257,49.36842307692307,14.972602564102566,97.88484077183827,59.82362639107814,776.6604949310733,507.0487736189014,848.1447307692306,123.62979480600583,960.8749074856773,55.82204825205496,236.5,1300.0,166.0,1492711.9179556963,1493446.2494092826,738.3312088607698,842.3771571729958,465.3808016877637,842.3771571729958,507.03758966244726,0.8138189948666572,0.9210597046460332,1300.0,166.0,474.0,349968.993000005,369175.7650000001,738.3312088607695,473.0,21102.655999997412,44.61449471458224,43.7883621194111,2.740000000000001,0.0,50.0,50.0,137.0,187.0,6685.180899082587,8.623853211009175,12814.42212844054,1782.954924446728,0.01834862385321101,6.0,847.9809633027485,0.32722313235441347,4839.269770642213,4640.158431192702,1767.0526330275675,1845.9111284403741,0.8073394495412844,1496985058.239107,835.9751785366064,489.05377559421925,820.1945315580787,520.1814236344333,3.7696810608194484,3.4896245097826797,1300.0,236.0,1300.0,166.0,1493048.5312579279,1493093.1457526428,44.614494714582236,843.8750422832982,509.5091226215645,506.29535940803385,34.93729386892178,16.956088794926007,158.94201960795564,106.91551613378394,818.5382100326552,599.7191146231045,839.3278964059195,202.55202676104244,1054.812413070196,43.788362119411076
1312,1,106.0,1312.0,12.0,435733.0096619718,436465.6027934272,736.5925680751179,816.9859507042254,501.293427230047,816.9859507042254,514.4480633802816,0.8114682327580125,0.7312171985051972,1312.0,12.0,213.0,156894.21700000015,164581.13800000004,736.5925680751182,212.0,8538.800999999456,40.27736320754461,104.92020188831177,3.6428571428571446,0.0,28.0,28.0,102.0,130.0,3227.229620000005,4.22,6262.968880000005,1713.1748671264213,0.0,3.6,816.5675899999984,0.36655984279268083,2891.0618300000037,2802.557120000002,328.9273200000002,336.16779000000156,0.42,448333189.74931353,830.268336127919,571.9358363101747,838.4290092585843,559.794158829676,3.4290296712109063,3.268132487667371,1312.0,105.5,1312.0,12.0,436021.4699292453,436061.74729245284,40.277363207544596,818.6573113207546,515.9855188679245,514.3924999999999,101.62636792452831,11.739292452830183,97.65772358225445,26.893584657038595,476.5510670204805,199.70010947756464,814.439858490566,106.63478426618366,529.2576833387047,104.92020188831177,163.0,1312.0,158.0,1087256.6732385322,1087700.8536024466,448.18018348624184,810.3069877675841,465.7782874617737,810.3069877675841,480.41799694189604,0.8633502105679492,0.8759124210249544,1312.0,158.0,327.0,146554.92000000112,154838.21500000008,448.1801834862418,326.0,9591.235999998986,29.420969325150264,44.85669627568497,5.611111111111112,0.0,18.0,18.0,101.0,119.0,2839.822112149535,6.018691588785047,5452.077420560791,905.7684380480414,0.037383177570093455,5.102803738317757,510.0929813084082,0.28164632084879054,2399.0756355140206,2303.083869158881,422.9548411215144,440.7464766355142,0.2336448598130841,1094380541.7501485,781.3617021826166,512.2473744026862,792.0831987601705,502.3166348960351,3.3008182874854706,3.184084205088467,1312.0,162.5,1312.0,158.0,1087442.8878006137,1087472.3087699385,29.420969325150264,812.9472085889572,481.4314877300613,480.06326687116564,39.88319018404908,11.564509202453987,63.021144252425266,37.200178983176656,359.1572869708413,214.1724252501486,806.8642944785277,78.75987958171642,421.3943711239618,44.85669627568498,188.5,1312.0,166.0,1386314.1020449735,1387000.982468254,690.8801296296365,805.4196560846561,452.88227513227514,805.4196560846561,472.56601851851855,0.9623705288865106,0.86884837883266,1312.0,166.0,378.0,261152.6890000026,272803.6069999999,690.8801296296364,377.0,13162.806999998633,34.91460742705208,46.26333127146208,4.030303030303029,0.0,33.0,33.0,133.0,166.0,4924.439541284403,6.844036697247707,9547.184256880835,1532.5981597217044,0.0,5.18348623853211,822.4498073394568,0.24130071010268928,3772.323266055044,3652.6288256881153,1120.963302752302,1152.116275229359,0.6238532110091743,1394458958.4518466,819.8801902974682,495.517023706549,827.0333637789735,470.88630781861633,3.3207519535545162,3.164192995059303,1312.0,188.0,1312.0,166.0,1386619.3968222812,1386654.3114297083,34.914607427052076,806.9758488063661,472.6396153846154,471.75945623342176,41.45320954907162,11.135649867374005,70.07275329606604,40.61707065639888,449.8640058875599,267.4754929905803,800.7661671087533,87.10114623080425,533.0688452670604,46.263331271462064
1349,1,86.5,1349.0,12.0,343309.60615517234,343768.02736781613,462.4208390804599,806.5227442528735,543.8333333333334,806.5227442528735,554.0186494252874,0.6352716246110147,0.5615009377195219,1349.0,12.0,174.0,80461.22600000001,88804.18100000006,462.4208390804599,173.0,9038.88999999978,52.247919075143244,118.73112941198218,6.466666666666669,0.0,15.0,15.0,97.0,112.0,1703.8544799999997,3.44,3198.6145200000005,971.7575448862923,0.0,3.11,477.318789999999,0.3859708162568306,1542.7104099999985,1443.7212399999996,155.58602000000073,161.14407000000122,0.22,343325767.63688356,815.1825971628011,545.5383562260752,811.4484791713577,526.5989304210764,3.3149601441116867,3.1185480747579373,1349.0,86.0,1349.0,12.0,343513.9366531792,343566.1845722543,52.247919075143244,805.3472254335261,555.2828612716763,553.0715606936417,117.04763005780346,9.507138728323694,106.62911061339865,36.9768525679256,763.1336072408089,466.78354447544444,805.0982080924855,121.81697228535793,934.8557262143545,118.73112941198212,102.0,1349.0,158.0,873815.5330341464,874196.2229609754,384.6896146341443,849.599780487805,482.5780487804878,849.599780487805,485.561,0.6064283566343637,0.609356489254364,1349.0,158.0,205.0,78861.37099999958,86848.29799999997,384.6896146341443,204.0,8806.863000000594,43.17089705882643,89.25165875566532,3.6000000000000014,0.0,30.0,30.0,108.0,138.0,1548.0181495327085,3.794392523364486,2919.3848971962475,680.0801487934826,0.102803738317757,3.074766355140187,336.537046728969,0.4168869273205283,1280.2369813084088,1200.69497196261,258.99747663551386,267.7811682242998,0.45794392523364486,872885326.6488304,850.6055986369497,477.2424479646344,853.9603416835514,459.96028181985633,3.2225400626266345,3.0473807331000184,1349.0,101.5,1349.0,158.0,873989.7951470587,874032.9660441177,43.17089705882644,847.0222794117647,486.9056617647059,484.46340686274505,88.13026960784312,8.63519607843138,77.84330962446082,17.696318626950948,476.14767130526894,182.36745256055067,848.5046568627452,83.52091974163507,526.4939540843814,89.2516587556653,131.5,1349.0,166.0,1072089.482878788,1072841.4789924242,755.9957424242497,838.1344034090909,465.89204545454544,838.1344034090909,469.34255681818183,0.8138649961950203,0.7174509980997058,1349.0,166.0,264.0,199582.87600000197,210981.51700000002,755.9957424242493,263.0,12454.542999999474,47.35567680608168,53.96187580117494,5.380952380952382,0.0,21.0,21.0,113.0,134.0,3800.6247247706365,4.807339449541284,7306.6799633028195,1587.3021212714348,0.027522935779816515,4.174311926605505,707.979926605521,0.3703678019169758,3341.113311926608,3203.734642201868,449.605339449542,459.51141284402877,0.3211009174311927,1078191294.8250303,837.782786055505,487.2605396951774,842.318891985138,463.4256085077343,3.139249696693964,2.9561607142857147,1349.0,131.0,1349.0,166.0,1072420.0394372623,1072467.3951140684,47.355676806081675,840.0558935361217,470.2687262357414,468.6792205323194,51.97068441064638,8.526615969581746,72.35094214525884,33.84664952586293,671.8472037565737,416.98627435097495,832.7912547528517,84.77546202831451,819.3771672354869,53.96187580117494
1405,1,101.0,1405.0,12.0,351170.4162463054,351630.6671083744,464.2505911330043,822.5738546798029,509.564039408867,822.5738546798029,508.8006773399014,0.752736862911723,0.685831181299082,1405.0,12.0,203.0,94242.86999999985,104222.81200000006,464.25059113300426,202.0,10791.886999999871,53.42518316831618,103.08938938296473,6.25,0.0,16.0,16.0,100.0,116.0,2007.3794899999984,3.96,3738.035279999997,1051.9170467237184,0.0,3.44,488.5194499999989,0.3435608021816525,1729.65104,1605.9292200000002,263.0884199999983,277.72844999999853,0.28,354744390.53663397,802.2621156499081,513.2687105303495,798.4128395156346,514.9897271612508,4.040234518700184,3.800360591661557,1405.0,100.5,1405.0,12.0,351356.9288118812,351410.3539950495,53.425183168316195,822.6214851485147,511.04165841584165,508.3184653465346,98.09982673267328,14.143787128712875,142.16042232525774,75.71836309590125,1264.8564364626802,767.0602761181774,819.0852227722772,174.8812215086595,1539.4855348453273,103.08938938296468,126.5,1405.0,158.0,1044781.2422086613,1045250.5547519685,473.3122755905529,872.4397539370079,492.9724409448819,872.4397539370079,487.6940157480315,0.7694744534024539,0.6435286789211097,1405.0,158.0,254.0,120221.31800000042,131048.37599999992,473.31227559055293,253.0,11842.989999999758,46.81023715414925,71.16203169359905,5.368421052631577,0.0,19.0,19.0,102.0,121.0,2364.500523364488,4.691588785046729,4438.9303551402,836.9831125421734,0.09345794392523364,4.158878504672897,415.1138878504737,0.3290804299514202,2111.513822429908,1975.8248037383173,243.6403738317824,252.9867009345799,0.2897196261682243,1046615172.1229633,870.3408662354304,474.1411521327882,859.0572459876731,484.54924116677853,4.201171660462562,3.922867822054067,1405.0,126.0,1405.0,158.0,1044986.2359169959,1045033.0461541504,46.81023715414924,866.559723320158,489.03569169960474,483.4129644268775,67.22717391304347,13.641581027667984,149.77913567701947,81.36554638064774,1150.2941868800447,700.5583381341439,869.6567391304346,178.63425601720985,1369.481353964162,71.16203169359908,146.0,1405.0,166.0,1300532.371894198,1301230.6013037541,702.2292662115995,822.6227218430034,468.2337883959044,822.6227218430034,465.20489761092153,0.9410404040816371,0.7691032527873939,1405.0,166.0,293.0,205753.1749999986,218464.64499999996,702.2292662115993,292.0,13883.42799999821,47.54598630136374,54.34433508567178,7.466666666666669,0.0,15.0,15.0,112.0,127.0,3942.4801467890024,5.302752293577981,7527.970532110046,1593.6736016544653,0.009174311926605505,4.853211009174312,774.460715596342,0.313266080038938,3664.333449541294,3490.4992385320984,273.4860275229247,278.14669724770846,0.24770642201834864,1304834324.173956,827.6384512018747,456.4714246745876,815.7500616956227,467.5822003551618,4.077490434432383,3.848817164930524,1405.0,145.5,1405.0,166.0,1300844.1833938356,1300891.729380137,47.54598630136373,823.5116438356165,465.82785958904105,462.69767123287664,48.72876712328767,14.1178595890411,149.53648519884888,88.94193678337231,1209.9075143966818,727.3610100512216,816.4690753424658,183.3329748932276,1444.475821467604,54.344335085671794
1417,1,61.0,1417.0,12.0,381948.21507317066,382546.24496747967,602.0292926829283,783.4067886178863,503.4918699186992,783.4067886178863,502.2013414634147,0.8068080856667057,0.7394487691419898,1417.0,12.0,123.0,74049.60300000016,79381.067,602.0292926829281,122.0,5823.389999999842,47.73270491803146,150.00433305625526,13.14285714285714,0.0,7.0,7.0,92.0,99.0,1529.5072600000026,2.42,2937.8228400000066,1354.781026509826,0.0,2.32,596.4987700000027,0.4611910156896837,1474.2274500000024,1413.5516600000044,55.35975999999908,55.27981000000029,0.09,383636007.82916015,815.4394664718627,510.8200513879793,814.5542153257092,492.0556113658118,3.4658547030077083,3.4813159353116028,1417.0,60.5,1417.0,12.0,382211.99674590165,382259.72945081966,47.73270491803147,782.8045901639346,503.6381147540984,498.87229508196725,147.9940983606557,11.513606557377047,107.43107524169343,29.03576627700535,482.43960288366674,313.2219237917046,776.9395901639344,119.06165936373908,611.5012423457116,150.00433305625526,91.0,1417.0,158.0,913433.1585300545,913776.3431857922,347.1840928961775,820.3161885245901,491.09016393442624,820.3161885245901,487.760587431694,0.5923943888761605,0.6029775791579893,1417.0,158.0,183.0,63534.68900000047,70521.96299999997,347.1840928961774,182.0,7719.170999999624,42.413027472525414,88.07549156646574,4.666666666666666,0.0,21.0,21.0,98.0,119.0,1264.1119813084163,3.383177570093458,2356.586280373852,680.1033891887291,0.11214953271028037,2.9813084112149535,324.2710093457957,0.3712148784269159,1130.2913364485987,1050.0045140186971,128.28862616822894,133.82064485981752,0.2897196261682243,914604148.0637405,823.5967670409436,488.7079085856867,818.5607956220937,472.71900362935236,3.459794147669275,3.45287512759442,1417.0,90.5,1417.0,158.0,913578.0646538461,913620.4776813186,42.41302747252541,817.8147252747251,488.07615384615383,486.17629120879116,86.78170329670328,9.09486263736264,98.91820182005087,35.11183808998136,667.3565384678402,347.1514495513211,819.615934065934,111.5118764123999,764.2743333869073,88.07549156646576,131.0,1417.0,166.0,1093297.2355741444,1093804.9655057034,511.72955513308614,811.3868346007604,456.32889733840307,811.3868346007604,451.4193441064639,0.7367928246695191,0.7024935401426843,1417.0,166.0,263.0,134584.8730000016,145383.12400000007,511.729555133086,262.0,11850.151999998838,45.2295877862551,62.18023818563247,4.956521739130433,0.0,23.0,23.0,114.0,137.0,2604.9451651376366,4.770642201834862,4921.573981651438,1197.4285068878705,0.0,4.238532110091743,555.0824403669749,0.37029504500936133,2301.8951100917593,2168.9664403669935,291.8205504587258,303.05005504587695,0.3211009174311927,1095799266.6569834,788.966002310803,451.3839393689307,778.0156413853815,445.4168231960606,3.4317174218040765,3.4083210915793236,1417.0,130.5,1417.0,166.0,1093519.9123053437,1093565.1418931298,45.2295877862551,811.1587786259544,450.9887213740458,450.2598664122137,59.37446564885496,9.563931297709921,108.13110954189112,56.31161929076114,803.6737557475318,500.82134882610234,809.4751908396946,133.24369323186963,996.1220201679837,62.180238185632476
1421,1,87.5,1421.0,12.0,412835.4373920455,413335.0073579546,503.5697329545467,860.7162926136364,556.2670454545455,860.7162926136364,536.7507528409092,0.6606623679242474,0.6727464557092752,1421.0,12.0,176.0,88628.27300000023,97735.37800000007,503.5697329545464,175.0,9811.063999999604,56.06322285714059,128.67251242419704,3.9615384615384603,0.0,26.0,26.0,103.0,129.0,1834.4864600000053,3.44,3482.4260800000093,1105.5019969352945,0.0,2.73,529.3140600000025,0.4682563565987747,1471.0351600000065,1389.1236000000056,352.089439999999,363.45129999999887,0.43,417874603.4651363,861.7479380473034,557.7387707668385,875.232758409035,555.8272031262788,3.473339062116376,3.3774097716670757,1421.0,87.0,1421.0,12.0,413029.8342457143,413085.8974685715,56.0632228571406,857.6834285714286,539.4289142857143,535.6468,125.38434285714287,15.472914285714287,102.87286793292056,42.30161009551018,713.8245902987521,465.1473255265698,860.1289714285715,119.92171418501742,891.2280656840446,128.672512424197,135.0,1421.0,158.0,1014221.7717675279,1014676.6999557194,458.9278191881919,849.5570848708488,483.6660516605166,849.5570848708488,464.9819926199262,0.5782423716631039,0.6525087688269169,1421.0,158.0,271.0,124369.43899999997,135024.04499999993,458.9278191881919,270.0,11738.505999999008,43.47594814814446,71.90439210990439,2.8461538461538467,0.0,39.0,39.0,111.0,150.0,2451.0643271028075,5.02803738317757,4623.750766355144,898.87570014588,0.056074766355140186,4.140186915887851,472.1878971962626,0.4060401572192239,2090.871757009354,1963.120205607486,348.7551775700859,360.1925700934534,0.5233644859813084,1014163699.1953734,827.8794200408755,459.2734607979622,844.2311839104292,451.9963126092237,3.576416279138651,3.454571547051332,1421.0,134.5,1421.0,158.0,1014428.5627925926,1014472.0387407409,43.47594814814446,846.700574074074,465.997074074074,465.013111111111,69.0431111111111,10.986962962962966,75.12887459764931,31.777126329640687,507.5649448126658,266.54004962873984,849.4814259259259,88.03885844209134,597.4634594634448,71.90439210990436,219.0,1421.0,166.0,1315315.7499840548,1315934.3444373575,622.594323462421,820.2114863325739,457.9874715261959,820.2114863325739,436.69940205011386,0.6441172448163394,0.7609579592023613,1421.0,166.0,439.0,273318.9080000028,294237.8389999999,622.5943234624211,438.0,22674.873999999127,51.76911872145923,48.896236133994044,2.955555555555557,0.0,45.0,45.0,133.0,178.0,5305.366321100911,8.0,10012.438311926713,1375.0573437824594,0.009174311926605505,6.229357798165138,620.4009541284588,0.39547649826607834,4130.184541284406,3877.574532110135,1128.6446238532214,1175.1817798165052,0.7064220183486238,1316193735.8064213,821.7882493509318,427.0663831609281,836.4903409137249,425.7589599956503,3.4818891622602526,3.334342708007666,1421.0,218.5,1421.0,166.0,1315597.8661232877,1315649.6352420093,51.769118721459215,818.9403767123288,438.3088698630136,437.05891552511423,44.66461187214612,11.140776255707765,78.40239281754508,44.305337309689364,760.9333065716255,422.5794630030197,820.2294178082192,98.90194922568065,909.5646786736185,48.89623613399405
1459,1,102.0,1459.0,12.0,422346.79496097565,423118.35635609756,775.5608243902416,838.6959024390244,518.9487804878049,838.6959024390244,563.820268292683,0.8312499323554641,1.0200553454262993,1459.0,12.0,205.0,158989.96899999952,165569.11199999996,775.5608243902415,204.0,7399.026000000714,36.26973529412113,131.53626492147166,3.8888888888888893,0.0,27.0,27.0,105.0,132.0,3237.315709999999,4.04,6327.443039999981,1888.771354865233,0.0,3.44,929.3457000000024,0.5077292665383343,2895.062410000001,2824.1865399999924,339.5349799999985,342.2532999999978,0.44,426645079.17737573,857.3463640755592,597.2326948161748,835.4606799845404,554.1222290931929,3.4064222909319293,3.3305826368423594,1459.0,101.5,1459.0,12.0,422695.2718970589,422731.5416323529,36.26973529412113,837.881299019608,563.5350490196079,562.687156862745,127.60735294117647,18.983235294117645,88.88542244591072,27.852367368198085,340.68183404201915,161.13389825179453,836.64125,99.55478659698686,383.2229639246709,131.53626492147163,122.0,1459.0,158.0,1048857.0319020406,1049405.5531469388,552.5210489795924,858.363469387755,457.6020408163265,858.363469387755,503.8564693877551,0.808288919746002,0.8633209263250377,1459.0,158.0,245.0,135367.65700000012,142027.1600000001,552.5210489795925,244.0,7639.455000000191,31.309241803279463,75.95909441337004,3.0540540540540544,0.0,37.0,37.0,113.0,150.0,2600.5542149532666,4.5607476635514015,5048.969084112147,1014.8748134578599,0.04672897196261682,3.897196261682243,459.5071401869156,0.4413733959044606,2281.4806168224277,2207.541504672897,316.9430373831767,319.07359813083895,0.514018691588785,1050424106.7626985,900.344320587904,524.3198158576416,863.4383086496226,480.1746776100912,3.601675864399144,3.500252562225476,1459.0,121.5,1459.0,158.0,1049110.3152991803,1049141.6245409835,31.30924180327947,856.9177663934427,504.74938524590164,503.7126229508197,70.9698975409836,14.946639344262294,68.50613144520831,30.404975118866815,226.4578468601081,107.08391469610098,857.1274590163935,81.4536254843836,254.17367017162235,75.95909441337005,239.5,1459.0,166.0,1462631.57450625,1463507.4799208334,879.905097916667,868.1129999999999,465.1322916666667,868.1129999999999,506.7922135416667,0.9153086730884521,0.9616443785319357,1459.0,166.0,480.0,422354.44700000004,437921.067,879.905097916667,479.0,17486.46800000081,36.506196242172884,52.789119447170805,2.2727272727272734,0.0,66.0,66.0,150.0,216.0,7938.528357798159,8.752293577981652,15480.756880733954,1802.535708397138,0.03669724770642202,6.238532110091743,803.523541284394,0.3691633390375098,5706.3223853210975,5542.702064220172,2197.6763761468046,2232.205972477061,1.091743119266055,1466523083.6925712,893.0242859752311,532.9697252767326,854.0109257297337,483.1614759069156,3.4306405947466483,3.318105889014723,1459.0,239.0,1459.0,166.0,1463044.0682818373,1463080.5744780793,36.50619624217288,868.7102505219206,505.71145093945717,506.2358246346555,48.35498956158664,12.45831941544885,59.608507700653206,30.632139537683923,383.3720645500293,212.48891708833932,865.9251774530271,73.40789244192739,449.47684496750463,52.78911944717081
1476,1,129.0,1476.0,12.0,440221.64475289575,440847.05533590727,629.4100733590733,831.4385038610039,544.1486486486486,831.4385038610039,545.2331467181467,0.7287736429465788,0.7218446664708486,1476.0,12.0,259.0,163017.20900000003,174880.32000000004,629.4100733590732,258.0,12898.978999999994,49.9960426356589,102.37345386623888,5.7777777777777795,0.0,18.0,18.0,104.0,122.0,3411.129710000002,5.08,6477.483679999996,1361.3678985413417,0.0,4.49,687.6207200000027,0.32075033532041736,3068.4423000000015,2904.1340099999998,334.6078299999982,342.6874100000004,0.34,455415484.5474089,838.231714311851,603.3397207611033,813.5485395416914,590.5024642089375,2.976213008278827,2.9376608882587014,1476.0,128.5,1476.0,12.0,440451.680996124,440501.6770387597,49.99604263565888,831.4424999999999,545.3260465116279,543.7762403100775,100.26523255813953,10.204496124031008,97.67301561058127,39.31132960535029,613.7240133070875,339.55925747607625,827.6578875968992,115.41230377653196,727.5874947718253,102.37345386623886,195.0,1476.0,158.0,1192048.080657289,1192612.714460358,568.6334271099737,850.7260294117649,409.79411764705884,850.7260294117649,397.37503836317137,0.7643327856550934,0.9561561973086911,1476.0,158.0,391.0,222335.66999999966,233879.00400000007,568.6334271099739,390.0,13107.187000001082,33.60817179487457,51.15122162715545,3.5517241379310347,0.0,29.0,29.0,103.0,132.0,4303.535672897184,7.233644859813084,8291.278242990653,1109.3130637169336,0.16822429906542055,5.757009345794392,564.3600560747605,0.24968908885416122,3594.891401869151,3462.1910654205444,683.4480560747819,708.6442710280322,0.48598130841121495,1206082391.5801084,818.4110682832568,431.0190483437933,804.6965408622193,433.3192102878055,3.2657932178463325,3.2336633206217833,1476.0,194.5,1476.0,158.0,1192278.3370589744,1192311.9452307692,33.60817179487457,852.2858205128205,398.01730769230767,396.6452307692308,43.993282051282044,15.040512820512818,43.73020428293952,23.827221108678323,238.27952488562502,117.056159235902,848.4139743589742,56.21676361445515,276.25375396486766,51.151221627155444,166.0,1476.0,166.0,1568384.0867807807,1568998.7292732734,618.6442042042106,837.3706456456456,407.487987987988,837.3706456456456,397.3212012012012,0.7245441228434139,0.9011669683271547,1476.0,166.0,333.0,206008.52000000217,217647.5760000001,618.6442042042105,332.0,12971.626000000862,39.071162650605025,46.739182016978134,3.5862068965517238,0.0,29.0,29.0,104.0,133.0,3896.1669174311855,6.036697247706422,7522.661247706494,1216.446098034891,0.1651376146788991,5.045871559633028,612.1025045871555,0.27174013190904184,3368.3605779816394,3247.137247706458,514.1933761467888,527.8063394495462,0.44954128440366975,1583250239.1792667,834.3632245198052,438.9308138957816,816.207091995221,430.3173910486168,3.2593642128480838,3.2228769414575864,1476.0,165.5,1476.0,166.0,1568627.9984638554,1568667.0696265057,39.071162650605004,839.2132078313253,397.31192771084335,396.12716867469874,38.476746987951806,15.483433734939759,49.314035153068225,36.04790532228042,305.37429383242056,234.92698703612834,833.4040210843374,69.00941463317007,403.735231129621,46.73918201697818
1571,1,88.5,1571.0,12.0,381417.73065730336,381974.0183146067,560.2873707865156,833.6532443820224,493.57865168539325,833.6532443820224,500.6286938202247,0.7015304137681417,0.6024785480231679,1571.0,12.0,178.0,99731.15199999971,106726.49899999998,560.2873707865156,177.0,7707.296000000439,43.544045197742605,125.76052178203894,3.4333333333333327,0.0,30.0,30.0,103.0,133.0,2040.8168799999967,3.49,3933.734339999991,1326.4705584296983,0.0,2.92,602.9830999999982,0.36338176281255175,1809.6408899999974,1742.1692099999957,224.69795999999974,231.1759899999993,0.45,386798721.0877614,856.3307936745861,531.3819572060256,829.4455740837892,531.4846627445102,3.7194000599565316,3.672806340403208,1571.0,88.0,1571.0,12.0,381645.28394915257,381688.8279943502,43.54404519774259,833.9086723163844,499.95234463276836,500.3449435028249,123.39372881355932,12.927740112994353,87.70921693979355,22.62541296034007,347.57035698918725,150.156984674332,830.1053954802261,96.34189781377182,392.0396357620175,125.76052178203895,124.0,1571.0,158.0,978648.9763293173,979057.5026546186,412.526080321284,833.6882429718876,467.47991967871485,833.6882429718876,468.6607429718876,0.6674441326644804,0.5453066415628353,1571.0,158.0,249.0,102718.9939999997,112062.07700000002,412.5260803212839,248.0,10339.02199999895,41.68960483870544,68.8940855744108,4.909090909090907,0.0,22.0,22.0,108.0,130.0,2017.7696822429964,4.598130841121495,3809.3044859813003,813.1296240105847,0.037383177570093455,4.08411214953271,398.6863457943948,0.291348257510819,1823.1663177570135,1714.7595140186886,189.8927289719615,194.60336448598292,0.3177570093457944,981316309.6221405,873.253155490525,477.41804575140077,838.6782059883658,467.73956211412866,3.8695556903750763,3.7440383997715996,1571.0,123.5,1571.0,158.0,978822.479141129,978864.1687459679,41.68960483870544,835.109375,469.15747983870966,468.29840725806446,66.01866935483869,10.556532258064514,60.23149272265223,31.574581508155607,352.096320251267,240.72932387811255,829.9449395161289,75.32701249257069,433.384838601602,68.89408557441078,135.5,1571.0,166.0,1245063.6226985292,1245900.7728860294,841.1496580882316,802.6952481617647,465.3272058823529,802.6952481617647,463.21208639705884,0.8532458873094363,0.6662185648172222,1571.0,166.0,272.0,228792.70699999898,239435.04699999985,841.149658088232,271.0,11730.19599999953,43.28485608855917,52.34109365653632,4.1923076923076925,0.0,26.0,26.0,109.0,135.0,4338.776935779822,4.954128440366972,8383.878458715566,1883.5919168674939,0.03669724770642202,4.412844036697248,882.9622844036652,0.2727329837767336,3941.0101009174377,3802.169100917414,389.7701284403682,397.766834862385,0.3394495412844037,1245072859.918533,827.7024824222991,459.39883193880786,778.520412679326,449.3156093324649,3.683922207191409,3.5487300632964245,1571.0,135.0,1571.0,166.0,1245461.9923690036,1245505.2772250923,43.28485608855915,806.3266789667897,462.43581180811805,463.6097047970479,50.00750922509225,8.468394833948338,51.18986294869134,23.231660844274877,399.78721370868277,262.0003520751239,795.005332103321,61.455957944061595,499.9107545085601,52.341093656536316
1582,1,92.0,1582.0,12.0,417211.3294378379,417739.26223783783,531.9322270270274,836.7998108108108,523.4513513513514,836.7998108108108,519.2234054054054,0.8077910207672575,0.8589669368434559,1582.0,12.0,185.0,98407.46200000003,106498.63599999995,531.9322270270275,184.0,8831.067999999621,47.99493478260665,119.60782888326159,6.23529411764706,0.0,17.0,17.0,106.0,123.0,2046.0965100000037,3.62,3897.894040000001,1161.9206866895001,0.01,3.18,513.3148700000003,0.36607665285074603,1796.1596900000022,1707.7300199999997,241.2170000000007,249.93682000000146,0.34,423837596.9487025,819.2159855796311,539.5581016936424,818.0061602012843,553.8726640129183,3.871936234931841,3.794671598633069,1582.0,91.5,1582.0,12.0,417416.7315108695,417464.7264456522,47.994934782606634,836.8866032608696,522.903641304348,516.8600000000001,114.1991304347826,16.0,101.78946033758888,40.88040617738795,821.6033163143201,518.1463807993023,831.876820652174,119.26289870065915,997.4467836566264,119.60782888326159,138.0,1582.0,158.0,1045588.9607003608,1046007.5502382672,422.58909386281715,842.0944675090252,453.2436823104693,842.0944675090252,456.9669494584837,0.7631712996735022,0.7549277363859929,1582.0,158.0,277.0,117057.17900000037,128668.4789999999,422.58909386281715,276.0,12719.17700000096,46.08397463768463,71.90912097579164,3.1842105263157885,0.0,38.0,38.0,121.0,159.0,2312.8747663551358,5.102803738317757,4352.943775700954,801.2243818767379,0.07476635514018691,3.8878504672897196,380.10796261681725,0.3128814893263559,1781.9366448598166,1665.5695046729063,510.9023831775706,530.9381214953191,0.6261682242990654,1047139693.911942,838.0441349620787,438.8574922292676,828.9450068382444,451.14886174313074,3.838158647270919,3.7680936839487753,1582.0,137.5,1582.0,158.0,1045770.360347826,1045816.4443224638,46.083974637684626,840.7003260869566,458.72268115942023,456.55490942028985,68.39269927536232,11.60469202898551,80.21465938405827,36.73907359329234,727.7811581672668,437.2000149799203,841.1395833333333,94.41996141916239,870.6865129610875,71.90912097579162,174.0,1582.0,166.0,1335838.7423495704,1336554.6635902578,719.9216103151789,837.3307736389685,462.2822349570201,837.3307736389685,465.7288252148997,0.8863647068255173,0.8399156623889633,1582.0,166.0,349.0,251252.64199999734,269747.6480000001,719.9216103151794,348.0,19891.13500000257,57.15843390805337,55.48582132447764,3.600000000000002,0.0,35.0,35.0,126.0,161.0,4842.423715596322,6.348623853211009,9192.831119265971,1515.6792202550548,0.06422018348623854,5.201834862385321,737.9301284403676,0.2434393690880598,4011.762944954127,3791.8903394495096,804.5252201834762,830.6607706421952,0.6055045871559633,1336565546.8128827,812.6103392695621,447.52049066563853,793.776800664304,461.73391153486864,3.7287826035380123,3.6726312667744185,1582.0,173.5,1582.0,166.0,1336167.092399425,1336224.2508333332,57.15843390805336,839.6003879310344,467.1520689655172,464.3357614942529,50.96502873563219,12.50716954022989,78.93997445872714,54.19690787406183,1086.9606948613202,697.197756573521,834.2597270114943,103.54214661506136,1323.4549353075981,55.48582132447763
1591,1,85.5,1591.0,12.0,510513.5965930232,511147.3035406977,637.7069767441903,802.85375,532.9651162790698,802.85375,539.8838517441861,0.7736356588449914,0.7072174266537097,1591.0,12.0,172.0,109685.60000000075,116409.52099999996,637.7069767441903,171.0,7411.9259999995675,43.344596491225545,128.686571924483,6.375,0.0,16.0,16.0,102.0,118.0,2266.2297600000047,3.42,4376.064160000033,1442.8876048797538,0.0,3.07,621.9107899999997,0.4233993521278358,2060.131060000004,1984.734220000016,203.2978600000002,206.09870000000112,0.28,515269492.3087488,786.4921281417388,556.0150408597721,798.0742219475347,567.8237714599643,3.4190852904820765,3.3535029528910862,1591.0,85.0,1591.0,12.0,510782.63124561403,510825.9758421053,43.34459649122556,802.5247660818715,539.812514619883,539.844970760234,125.0467543859649,15.539649122807022,102.61370578858308,37.113814926457145,602.1124522399894,328.103566412192,794.5406432748537,117.83416348231874,700.3149124562684,128.686571924483,108.5,1591.0,158.0,1098165.1760321101,1098623.0453394495,461.868949541279,865.6733830275228,481.2522935779817,865.6733830275228,483.37141055045873,0.6732484227213319,0.5364425151248912,1591.0,158.0,218.0,100687.4309999988,108334.35700000009,461.86894954127894,217.0,8518.847999999416,39.25736405529685,80.49570341623675,3.714285714285715,0.0,28.0,28.0,104.0,132.0,1941.4040747663587,4.037383177570093,3713.927401869114,849.018573685057,0.06542056074766354,3.5514018691588785,397.3901775700876,0.3187964177307931,1720.5635607476731,1638.590299065401,218.37340186915586,220.84051401868558,0.3644859813084112,1098684339.5644567,879.7513123892498,473.8026687093916,889.3300059066745,484.5833147519196,3.53612374483166,3.473788762551683,1591.0,108.0,1591.0,158.0,1098373.1537695853,1098412.4111336404,39.25736405529685,866.2055760368663,484.2295391705069,482.4664976958526,78.79799539170507,8.897649769585259,64.40356443598853,23.946315096133198,431.3801979641817,224.1487357691872,865.621728110599,73.40837169009222,491.83375818067844,80.49570341623678,132.0,1591.0,166.0,1339090.1459962265,1339900.65514717,814.5087660377344,790.7078018867925,440.4509433962264,790.7078018867925,445.16280188679247,0.774794754831325,0.6462617122590475,1591.0,166.0,265.0,215844.8229999996,225631.568,814.5087660377342,264.0,10846.64299999969,41.08576893939276,60.39241211836929,3.6285714285714286,0.0,35.0,35.0,127.0,162.0,4058.7581834862362,4.825688073394495,7902.280513761454,1814.6884542785915,0.027522935779816515,3.889908256880734,894.4860183486262,0.31069498600990847,3370.166036697248,3274.1051467889856,677.0351100917414,688.5921467889887,0.5779816513761468,1344817433.025875,794.8132143553389,446.39603916703584,803.8115073105893,460.0867875941516,3.385124678777138,3.320406911829863,1591.0,131.5,1591.0,166.0,1339454.6458901514,1339495.7316590908,41.08576893939277,793.3311931818182,445.01017045454546,443.94363636363636,57.897784090909106,8.80282196969697,56.62814279923944,29.009944697299474,476.7622163902988,270.85827855902056,784.6618181818181,68.66290076179183,554.3901517954612,60.39241211836931
1626,1,78.5,1626.0,12.0,403580.64054430375,404144.41584177216,567.774791139241,803.1179905063291,533.8101265822785,803.1179905063291,552.6713607594937,0.6360948973361163,0.4551079220969081,1626.0,12.0,158.0,89708.41700000007,94847.85199999997,567.774791139241,157.0,5771.354999999981,36.76022292993618,159.13583455200845,4.857142857142855,0.0,21.0,21.0,102.0,123.0,1820.4002200000004,3.12,3543.2104800000043,1222.221466526956,0.0,2.69,550.7889400000038,0.4206398451730417,1595.2584000000015,1547.5831800000049,224.02205999999714,225.14181999999914,0.33,407027962.05009276,827.8381383875864,573.92333445775,828.1101340866925,578.2503432282004,3.670174987350312,3.728912970146736,1626.0,78.0,1626.0,12.0,403823.99895541405,403860.75917834387,36.760222929936184,800.4663375796179,554.5857961783439,550.7517834394904,157.58668789808917,11.536305732484076,106.90884475514744,12.935865592108378,337.01411598333044,85.74054538662942,805.7655732484076,111.14747051104776,371.7711028011551,159.13583455200842,106.0,1626.0,158.0,991441.645657277,991808.7672629107,371.121201877937,848.8008333333333,449.44835680751174,848.8008333333333,458.01350938967136,0.6302176818483329,0.5159603105678806,1626.0,158.0,213.0,79048.81600000059,85036.54300000005,371.12120187793687,212.0,6839.64099999913,32.2624575471657,88.94415619027255,2.4871794871794886,0.0,39.0,39.0,97.0,136.0,1532.9454112149585,3.94392523364486,2934.6106915888026,613.948933641962,0.16822429906542055,3.130841121495327,265.5869532710335,0.40652178990108034,1208.9380934579433,1149.2047570093555,318.100588785046,324.0073177570153,0.5046728971962616,991580284.1612661,853.7022922447444,459.35780416686265,841.5345642665662,455.90655551897663,3.689358980388468,3.7584912759253166,1626.0,105.5,1626.0,158.0,991609.2966273584,991641.5590849058,32.26245754716571,845.3222641509432,459.3246462264151,456.66014150943386,88.15818396226416,7.122759433962265,72.98928365478504,8.161783694250634,202.17529476661056,18.744492847033914,852.7973820754717,75.21946912157496,203.13012018691686,88.94415619027252,114.5,1626.0,166.0,1171363.2157956522,1171919.5477913043,560.3316913043534,863.1320434782608,427.92826086956524,863.1320434782608,421.1430652173913,0.74636297114323,0.5603303957812247,1626.0,166.0,230.0,128876.28900000127,135780.06499999992,560.3316913043535,229.0,7823.705999998609,34.16465502182797,63.76965215781845,3.4333333333333322,0.0,30.0,30.0,103.0,133.0,2355.754651376157,4.036697247706422,4564.581100917472,1025.1299515278945,0.1559633027522936,3.302752293577982,459.55933944954654,0.3995433083061114,1924.306458715608,1858.1814403669896,424.1091100917467,431.4481926605494,0.44036697247706424,1170313157.5099852,849.3259667157585,419.7563360824742,844.0920910162004,411.94001413843887,3.5928857142857145,3.6489649484536084,1626.0,114.0,1626.0,166.0,1171630.108366812,1171664.273021834,34.16465502182798,860.737576419214,422.2011572052402,420.29395196506556,62.898908296943226,6.689606986899562,55.362099209746695,10.915393543598938,242.2027583386409,70.95707834219283,863.983384279476,59.07003754940829,255.17651890092787,63.76965215781847
1729,1,144.0,1729.0,12.0,422164.04694809683,422879.08130449825,719.033934256051,825.2750173010381,544.5138408304498,825.2750173010381,540.0857006920415,0.825163686020925,0.8542493651471238,1729.0,12.0,289.0,207800.80699999875,227999.521,719.0339342560509,288.0,21354.59200000024,74.14788888888971,94.00237623519637,4.2,0.0,25.0,25.0,105.0,130.0,4461.04068,5.7,8282.758919999951,1615.858146771659,0.0,4.54,636.133999999995,0.4392846114836894,3524.7227899999984,3264.4123299999787,876.9671299999969,936.3178900000011,0.44,436832715.7559072,807.1324102303226,569.6787536618309,816.7669570403635,553.6748920308032,3.1851983089795985,3.1319015208658585,1729.0,143.5,1729.0,12.0,422434.80580208334,422508.9536909722,74.14788888888971,821.4030034722223,542.955017361111,538.3181423611111,87.7025,16.18111111111111,132.4355129734686,73.84251968591447,1227.2771123509144,861.7728087002727,824.7606423611111,166.26488040477648,1570.5033034518942,94.00237623519642,248.0,1729.0,158.0,1226730.707752515,1227483.3855734407,756.677784708247,793.1889134808853,460.98692152917505,793.1889134808853,448.11626760563377,0.8042141378034471,0.839131912244232,1729.0,158.0,497.0,376068.8589999988,403604.27099999995,756.6777847082467,496.0,29523.394000000208,59.52297177419395,45.59049236512972,2.600000000000001,0.0,55.0,55.0,143.0,198.0,7440.687345794386,9.25233644859813,14039.810728971912,1786.8691245355906,0.0,7.140186915887851,894.1615420560674,0.3136087612337294,5895.892635514013,5550.139112149505,1469.7662523364502,1544.7947102803726,0.9158878504672897,1242101502.9350126,796.586435706358,465.9351653916283,794.0119564571111,445.55649001109873,3.4770710123672104,3.372665094339622,1729.0,247.5,1729.0,158.0,1227047.0584274193,1227106.5813991935,59.52297177419396,791.8684879032259,449.5967741935484,446.2165524193548,40.29991935483871,12.969596774193553,116.33440687756598,67.42673152658465,1087.6420979519166,678.2803218933155,789.6212096774193,142.97355176962986,1321.2914924940585,45.590492365129734,238.5,1729.0,166.0,1820100.9568033472,1821161.1381589957,1064.1810104602541,854.281119246862,462.3462343096234,854.281119246862,451.46468096234315,0.8227103850494081,0.9048577610196537,1729.0,166.0,478.0,508678.5230000016,533576.6900000002,1064.1810104602534,477.0,26810.00199999893,56.20545492662247,40.792660158582024,4.0625,0.0,32.0,32.0,130.0,162.0,9700.462311926602,8.73394495412844,18640.681284403712,2268.555002527295,0.0,7.458715596330276,1171.4557339449632,0.31941059019941215,8410.299119266054,8074.064201834895,1246.2764403669596,1290.1631926605478,0.5504587155963303,1833817138.5433257,816.8256865405373,468.3889308737107,815.1586607249939,452.84287673902617,3.4626928669944834,3.380343907411849,1729.0,238.0,1729.0,166.0,1820575.3050607964,1820631.5105157231,56.205454926622494,855.8115828092243,452.44359538784073,450.70841719077566,34.33279874213837,12.980859538784067,80.10340033250834,48.54144867018919,890.9069329845007,528.775512830296,850.5657651991614,100.78187119524941,1064.8107174815052,40.79266015858201
1744,1,78.0,1744.0,12.0,469800.1122484076,470308.75199363055,512.6393757961786,779.9064968152867,518.8375796178344,779.9064968152867,526.0432006369427,0.7150665963242986,0.5964592736642418,1744.0,12.0,157.0,80484.38200000003,85744.11600000005,512.6393757961786,156.0,5887.675999999922,37.74151282051231,129.9999175664739,6.92857142857143,0.0,14.0,14.0,97.0,111.0,1650.1335700000002,3.06,3199.06716,1212.4608543766285,0.0,2.77,524.9870399999996,0.40645393277032627,1518.2647000000009,1468.3842400000005,131.1493399999995,131.8688699999993,0.21,472845182.26124066,815.4360895522387,547.8486184701492,816.1770233208955,549.7904743470149,3.1870555037313433,3.174738805970149,1744.0,77.5,1744.0,12.0,470017.685198718,470055.4267115384,37.741512820512305,776.391826923077,526.505705128205,524.8150961538462,128.59570512820514,9.650352564102567,90.59093491658491,11.849616157526773,320.76088338270637,60.00683165121409,779.2632371794872,93.95979271939893,328.12064974632455,129.99991756647387,108.0,1744.0,158.0,1007114.5369354839,1007511.8100737327,401.2728248847893,854.2041705069124,495.6981566820277,854.2041705069124,509.60065668202765,0.5924167675878986,0.46943037966759155,1744.0,158.0,217.0,87076.2029999993,93467.64200000004,401.2728248847894,216.0,7259.37099999981,33.608199074073184,92.3888926522502,3.6000000000000014,0.0,30.0,30.0,108.0,138.0,1679.700588785052,4.018691588785047,3224.0820186915676,793.0575035818725,0.028037383177570093,3.5233644859813085,375.88085981307523,0.38240466538890977,1487.041897196266,1420.4670841121408,191.573925233643,192.65869158878596,0.38317757009345793,1006763696.0654657,868.461860853194,503.86476744683586,865.874723375123,504.84563304950586,3.2181382910444567,3.2509006888879384,1744.0,107.5,1744.0,158.0,1007298.9223240741,1007332.5305231481,33.60819907407319,850.4924074074073,510.09976851851854,508.67224537037043,91.7187037037037,8.120856481481486,76.96747909857106,22.013406029040684,234.92877721064286,64.40177725866599,856.1154166666666,85.25760447759869,250.06548463404695,92.38889265225019,144.0,1744.0,166.0,1237163.497148789,1237826.2762387546,666.7786989619361,800.1881055363322,488.79411764705884,800.1881055363322,500.8838235294118,0.7916931772734156,0.6675372882255768,1744.0,166.0,289.0,192699.0439999996,202757.8669999998,666.778698961936,288.0,11214.70999999973,38.93996527777683,56.45755576559641,6.411764705882351,0.0,17.0,17.0,109.0,126.0,3656.1143761467843,5.247706422018348,7045.838862385302,1428.7590776992167,0.01834862385321101,4.715596330275229,695.2063577981675,0.3072314477296195,3308.3274678899074,3182.325119266045,340.59431192660577,347.78690825687687,0.23853211009174313,1233678386.0926898,808.638428081111,481.5255915654095,812.744096772921,487.8109235442638,3.124166206406817,3.1379822865709324,1744.0,143.5,1744.0,166.0,1237488.6752812502,1237527.6152465278,38.93996527777684,798.3963368055555,500.4799652777777,500.2314236111111,54.254322916666666,7.8918402777777725,103.7999503757524,51.13280678801487,571.2095339210476,303.7342200915687,800.0928472222222,121.4891948244355,663.1353712900091,56.4575557655964
1760,1,76.5,1760.0,12.0,338469.41755194805,338805.6462207792,340.22824025973785,801.8518506493506,486.9935064935065,801.8518506493506,474.97496753246753,0.5422063577734804,0.47708025811218985,1760.0,12.0,154.0,52395.14899999961,60978.61000000007,340.228240259738,153.0,9199.39500000019,60.12676470588362,126.72385791325081,8.909090909090907,0.0,11.0,11.0,98.0,109.0,1132.0228799999977,3.04,2065.5651199999847,778.1422466768404,0.0,2.79,350.4845499999955,0.36248406037837383,1052.3078499999967,955.9477399999928,76.8348199999996,79.71503000000084,0.19,342172069.8273872,788.1612880377754,499.18455863063997,788.7667989244491,494.98667431794337,3.8564054302203568,4.013071878279119,1760.0,76.0,1760.0,12.0,338584.37988888886,338644.50665359484,60.126764705883616,799.6254901960783,478.1955882352942,472.83091503267974,124.9422222222222,10.55199346405228,144.36750845133784,67.22806519648063,1140.8349011517146,797.7064408192914,800.7747712418301,170.04322550919608,1452.4720619040822,126.72385791325084,90.0,1760.0,158.0,868243.8199668507,868553.4280331493,313.60761325967434,826.4948618784531,477.5497237569061,826.4948618784531,465.2791850828729,0.5237236984962849,0.4430146234262507,1760.0,158.0,181.0,56762.97800000105,64606.32499999996,313.60761325967434,180.0,8567.264999999315,47.59591666666287,102.19086033285662,2.9714285714285724,0.0,35.0,35.0,104.0,139.0,1129.9912616822435,3.3271028037383177,2103.2887850467628,571.3763312717117,0.12149532710280374,2.794392523364486,267.4942897196313,0.41158122122567214,976.9199158878524,900.441495327118,151.2028971962635,153.07134579439108,0.48598130841121495,867971556.662148,808.074547818013,457.52961497988235,798.4540482822655,446.9104760136181,3.9267106159083873,4.07199442896936,1760.0,89.5,1760.0,158.0,868377.2094055556,868424.8053222223,47.595916666662866,822.587888888889,467.0179444444445,462.3178888888889,99.52994444444447,11.375722222222226,95.8528911797268,32.301315286883415,634.7397346975504,312.5566348652827,828.5453888888891,106.66047903421526,731.4693229477565,102.19086033285659,125.0,1760.0,166.0,1028360.3062231075,1028829.4786733069,473.1721673306802,833.31156374502,497.3884462151394,833.31156374502,487.8250199203187,0.5876125095761371,0.4732615395901486,1760.0,166.0,251.0,118766.21400000073,130508.44200000002,473.17216733068034,250.0,12746.157000000014,50.98462800000004,73.69400247895294,4.53846153846154,0.0,26.0,26.0,118.0,144.0,2297.6042201834916,4.532110091743119,4317.004550458731,936.1340473002277,0.05504587155963303,3.779816513761468,412.44711926606067,0.36548091149072226,1934.5140000000017,1808.9153119266107,349.5869633027549,363.09022018348975,0.45871559633027525,1026319549.1657269,830.4592611546948,464.7825992890414,826.9946203113508,468.99380638636916,3.9148700661926945,4.064224993871047,1760.0,124.5,1760.0,166.0,1028578.50952,1028629.4941480001,50.98462800000003,833.10186,489.95014,485.51171999999997,72.17830000000002,9.362900000000003,133.19440565546907,67.2490714716821,949.9295771070601,556.0216948591424,833.909,156.0953642869843,1124.6840477953986,73.69400247895295
1858,1,100.5,1858.0,15.0,399034.2154356436,399921.89881683164,891.6829009901007,807.1226113861387,532.2326732673267,807.1226113861387,534.0987623762377,0.7966375012171929,0.7054789310909779,1858.0,15.0,202.0,180119.94600000032,191994.81399999998,891.6829009901008,201.0,12682.770999999826,63.09836318407877,123.4934684644096,6.23529411764706,0.0,17.0,17.0,106.0,123.0,3719.8266799999988,3.96,7101.765800000015,1980.7795132485355,0.0,3.39,921.799660000002,0.3735934421054812,3245.352129999999,3092.5273300000053,458.35557000000205,474.47455000000014,0.33,418408151.6515925,837.0425144249796,600.8167456829212,815.4520063740704,600.5410415147791,4.058986814422896,3.8493550940487844,1858.0,100.0,1858.0,15.0,399352.36321393034,399415.4615771145,63.09836318407877,807.2309203980099,536.5383333333333,532.2667164179104,120.96226368159205,13.449577114427859,132.53453700206487,61.931125015331745,1038.8233035426229,736.215067897637,806.5665174129354,157.96917262645104,1311.0550991800644,123.4934684644096,233.5,1858.0,161.0,1261591.0433055554,1262203.3132649574,616.2711175213674,795.3383012820514,476.85897435897436,795.3383012820514,478.03797008547014,0.6499972934619602,0.5396235662608289,1858.0,161.0,468.0,288414.883,311545.85000000015,616.2711175213673,467.0,25003.50900000008,53.54070449678816,73.42536094793967,2.8679245283018875,0.0,53.0,53.0,152.0,205.0,5615.592280373819,8.672897196261681,10634.143401869154,1171.625341662535,0.018691588785046728,6.4392523364485985,568.7662616822386,0.2810744665199184,4210.396831775695,3959.347392523383,1357.7243084111947,1405.1954485981237,1.0,1270975355.3575199,783.1140072674979,474.96801967103653,771.746980778367,486.86364954225036,4.027520961466853,3.907580924744161,1858.0,233.0,1858.0,161.0,1261850.936175589,1261904.476880086,53.54070449678817,795.5879443254818,479.1085974304068,477.62574946466816,66.50000000000001,16.00100642398287,88.54855799074215,45.06279257744378,661.8544231698049,435.9581486984849,792.8318843683085,108.51505449850563,813.9286842950434,73.42536094793967,317.0,1858.0,169.0,1769421.4790503937,1769991.7651748033,574.2859716535418,780.1745944881891,453.3228346456693,780.1745944881891,478.02787795275594,0.6372782469574401,0.6479375102644653,1858.0,169.0,635.0,364671.59199999913,394357.60499999986,574.2859716535418,634.0,32225.916000002064,50.82952050473513,84.20637733380435,1.6614173228346452,0.0,127.0,127.0,211.0,338.0,6967.013623853206,11.522935779816514,13197.79776146785,1091.4504305468447,0.08256880733944955,7.394495412844036,529.5270091743153,0.33034259359531526,4584.002321100911,4289.859807339429,2309.039073394496,2383.0113027522943,2.2477064220183487,1777038854.0687149,777.0316547324435,461.858352671508,762.6342444926773,482.6653338877845,4.1010909164672,3.9509825956428255,1858.0,316.5,1858.0,169.0,1769669.640402208,1769720.469922713,50.829520504735115,779.8794006309149,478.46753943217664,477.5825867507886,73.29524447949528,22.749542586750792,99.80262786716477,62.09567639628512,656.728088461101,448.1294740314685,779.4871372239747,129.48069447319813,836.783965664105,84.20637733380434
1859,1,130.5,1859.0,12.0,601287.998870229,602077.0919885496,793.0927328244327,803.5394751908397,531.736641221374,803.5394751908397,543.9828721374046,0.753793765267614,0.6933789587295346,1859.0,12.0,262.0,207790.29600000137,218908.729,793.0927328244325,261.0,12166.33199999854,46.614298850569114,125.67677867841907,3.0512820512820507,0.0,39.0,39.0,119.0,158.0,4284.700810000012,5.18,8284.891160000052,1641.3113567832434,0.0,4.07,746.9385300000099,0.3675507575757575,3475.417440000009,3343.08223000002,799.3633500000066,809.2833700000035,0.7,616032724.254467,821.9394581064786,587.6814312858553,811.792858552271,592.8821081960025,3.8498405013337234,3.605119486973362,1859.0,130.0,1859.0,12.0,601604.2642068965,601650.8785057472,46.61429885056912,802.886896551724,543.6387931034483,543.496398467433,120.6226245210728,15.604233716475097,98.7486819802658,35.58574689084347,510.2444029998766,274.1805382591258,801.2608620689655,115.38456988135644,615.3280865783989,125.67677867841907,215.0,1859.0,158.0,1372822.9083619488,1373410.7267030163,591.8179164733182,829.7267401392111,465.1078886310905,829.7267401392111,469.1930394431555,0.7383638709838316,0.7511109879130049,1859.0,158.0,431.0,255073.52200000003,271483.978,591.8179164733182,430.0,18134.27300000051,42.17272790697794,69.60615969459776,2.466666666666667,0.0,60.0,60.0,148.0,208.0,4975.337411214952,8.0,9510.487327102806,1107.858007376279,0.018691588785046728,5.682242990654205,633.0225233644895,0.3691875127571611,3621.62627102805,3438.682327102809,1316.5613364485946,1353.7111401869024,1.0373831775700935,1380743977.6094227,779.8855466344525,483.9580008544616,767.0394700864774,484.3800484685985,3.9114904462352125,3.6341039202109635,1859.0,214.5,1859.0,158.0,1373077.9981418604,1373120.1708697674,42.17272790697793,830.1687325581397,469.74545348837205,468.076965116279,65.0051976744186,12.591837209302325,79.26812344667857,33.76141374348369,461.67620246387764,226.0809766216704,828.068488372093,92.28251396055066,531.753989414547,69.60615969459779,285.5,1859.0,166.0,1886631.0396136362,1887323.740847902,696.7007727272686,831.2920629370631,431.3417832167832,831.2920629370631,435.70107954545455,0.7136587503641638,0.7780161559339273,1859.0,166.0,572.0,398512.8419999977,427586.12200000044,696.7007727272688,571.0,31361.01600000169,54.92297022767372,65.9169656135849,2.315068493150684,0.0,73.0,73.0,169.0,242.0,7715.870642201817,10.403669724770642,14597.02987155953,1525.0528163028691,0.01834862385321101,7.128440366972477,772.4880825687935,0.32678977136825815,5523.329183486219,5213.340018348591,2085.1749174311744,2192.541458715597,1.311926605504587,1903212935.9919837,807.5416739626595,452.95846232274477,793.9028587196467,446.0305114678041,3.932444157593445,3.640988700564972,1859.0,285.0,1859.0,166.0,1886921.4988003504,1886976.4217705778,54.922970227673716,830.3490718038528,437.02876532399296,435.1078984238179,57.40590192644484,18.004264448336247,98.40452288796193,47.96816169394045,801.4549256486772,466.58006543787576,830.1298248686516,117.58696399941587,959.1971876865849,65.91696561358494
1869,1,96.5,1869.0,12.0,559592.1517474228,560027.5998762886,439.44768556700626,802.0149742268039,521.3969072164948,802.0149742268039,516.5886211340205,0.813621236978275,0.8858076741654132,1869.0,12.0,194.0,85252.85099999921,90764.06999999998,439.4476855670063,193.0,6287.133000001079,32.57581865285534,96.07965064952283,8.636363636363638,0.0,11.0,11.0,95.0,106.0,1760.606879999998,3.82,3381.3166399999686,994.7534850070215,0.0,3.56,409.0890099999949,0.3316813291728761,1671.9299299999961,1604.5413999999832,86.11692000000097,88.67695000000181,0.16,564565225.9163692,831.4283639568187,552.7888235294117,837.2696047587574,545.0328618638467,3.6182828816920023,3.6217563339942718,1869.0,96.0,1869.0,12.0,559768.9589792746,559801.5347979274,32.57581865285533,802.162305699482,518.015725388601,515.5477979274611,93.12886010362696,12.331554404145074,85.68783021317901,27.85542079760992,379.3229356749105,188.7498644093954,795.707176165803,97.44959785369896,440.20462012570727,96.07965064952285,100.0,1869.0,158.0,1166034.424084577,1166467.1404875622,436.7161044776104,824.1700248756218,482.73880597014926,824.1700248756218,472.70389303482585,0.6787266395310797,0.5258041275213987,1869.0,158.0,201.0,87779.93699999967,94651.42899999999,436.7161044776103,200.0,7675.43200000003,38.37716000000016,71.62845115489355,6.0,0.0,17.0,17.0,102.0,119.0,1713.0495140187,3.7009345794392523,3262.5210467289576,811.3271725585317,0.06542056074766354,3.383177570093458,376.5677196261752,0.3412454821731435,1577.2105420560829,1496.2065514018693,135.05397196260944,135.838971962617,0.24299065420560748,1165698313.5418937,823.6510326615119,472.64917987070606,831.3326323572908,456.8783812904044,3.502669962394896,3.458868889170575,1869.0,99.5,1869.0,158.0,1166234.3665749999,1166272.743735,38.377160000000146,824.443925,474.29932499999995,470.5024249999999,69.436675,10.670299999999997,68.19346350830301,23.276714568328465,322.63326149748934,121.87626011293402,820.01375,76.06501151948265,352.3660625396731,71.62845115489353,117.0,1869.0,166.0,1372839.5991659574,1373471.0514595746,635.4519063829771,819.8866276595744,489.5127659574468,819.8866276595744,478.0316595744681,0.8470631235984589,0.6269787215211842,1869.0,166.0,235.0,149331.1979999996,157502.25699999995,635.4519063829773,234.0,9110.967999999644,38.93576068375917,61.97349161223642,6.933333333333334,0.0,15.0,15.0,104.0,119.0,2829.4402018348524,4.238532110091743,5460.227596330252,1392.370983402304,0.03669724770642202,3.889908256880734,611.8418165137607,0.36186692093282374,2614.5587706421993,2518.7187247706315,211.39507339449403,214.88143119265308,0.1926605504587156,1371138529.1602802,805.685982072573,469.03908864680943,816.7988918514004,460.6516431781824,3.329527944948072,3.2865450344074554,1869.0,116.5,1869.0,166.0,1373144.4848589743,1373183.4206196582,38.93576068375916,818.653547008547,479.2139529914531,473.8399786324787,58.79068376068375,12.48470085470085,87.30780328924583,40.76031676054461,509.2650353523308,266.14143389114713,813.3675641025642,100.90584829470791,584.0200440563017,61.97349161223643
1879,1,112.0,1879.0,12.0,379063.40808444447,379720.8979288889,661.4895555555562,801.6864333333334,517.4244444444445,801.6864333333334,510.47056666666674,0.7635445319334111,0.6304655480117676,1879.0,12.0,225.0,148835.15000000014,157318.12199999997,661.4895555555562,224.0,9382.906999999714,41.88797767857015,95.17586473881015,3.2424242424242427,0.0,33.0,33.0,107.0,140.0,3065.6571500000027,4.44,5922.059680000003,1608.8491125881994,0.0,3.48,699.18989,0.3300211407103826,2416.5656200000008,2332.7732700000015,628.25657,649.0915300000016,0.52,384798931.03401554,805.3550791915596,532.2879730519894,819.6871902885471,530.0860531333418,3.7271076649294512,3.627732299478835,1879.0,111.5,1879.0,12.0,379347.0805357142,379388.96851339284,41.88797767857016,802.9885491071428,510.56584821428567,509.4400669642858,92.6549330357143,10.370379464285717,104.46142619974741,46.91765070199757,478.29144934249337,317.90370051444603,797.8845535714287,123.44599978356453,608.4227685249243,95.17586473881013,134.5,1879.0,158.0,1022212.7688222222,1022796.687151852,587.9179925925948,811.5084814814815,458.4851851851852,811.5084814814815,453.9166851851852,0.7738807704758265,0.6799156458976642,1879.0,158.0,270.0,158737.85800000053,166793.1550000001,587.9179925925946,269.0,9135.205999999656,33.95987360594667,59.79866770537047,3.774193548387096,0.0,31.0,31.0,117.0,148.0,3053.744074766371,4.990654205607477,5905.41099065423,1130.2900101346213,0.037383177570093455,4.102803738317757,570.4139532710319,0.3080727512095089,2572.58942990655,2482.8394392523423,469.86605607477236,481.1546448598209,0.4953271028037383,1021183659.1244005,810.1491564358336,449.9969343468252,815.8592034337233,437.6857171973911,3.9361106848263954,3.789741032035296,1879.0,134.0,1879.0,158.0,1022492.6665873608,1022526.6264609665,33.959873605946676,813.862936802974,455.3867657992565,453.3816728624535,56.94265799256506,9.8307063197026,70.4524457161053,32.54192245714087,371.24861011825476,222.28725042113524,807.6964126394051,84.57392527886425,450.82729236889907,59.79866770537046,147.0,1879.0,166.0,1330451.5151864407,1331267.6165118644,820.1011084745693,809.1433389830509,470.17118644067796,809.1433389830509,461.70038135593217,0.817351916590495,0.7020256540486701,1879.0,166.0,295.0,241929.82699999795,254621.438,820.1011084745695,294.0,13871.547000001416,47.182132653066056,57.40209766240361,3.966666666666667,0.0,30.0,30.0,119.0,149.0,4595.811825688057,5.3577981651376145,8859.230422018276,1879.0843757967866,0.009174311926605505,4.63302752293578,906.7190642201773,0.257484345136307,3988.161715596329,3836.571715596305,593.0434954128326,607.6501100917278,0.44036697247706424,1331534074.453356,779.5226710962412,461.8395802899643,784.612993261392,450.3793069757944,3.7927665991235098,3.662831314892481,1879.0,146.5,1879.0,166.0,1330833.6872278913,1330880.869360544,47.18213265306605,812.5695408163266,461.71022108843533,461.4720238095239,53.85287414965987,10.718979591836735,91.32227794793373,55.064337309980324,669.8504621656521,461.8468327349429,804.4119047619049,115.10630832630494,851.2117331794032,57.40209766240362
1903,1,130.5,1903.0,12.0,506144.6316221374,506699.36138549616,558.7294007633601,803.1397519083969,529.2022900763359,803.1397519083969,521.5154484732824,0.9268954358976335,1.0629071599800421,1903.0,12.0,262.0,146387.10300000035,156746.15200000003,558.7294007633601,261.0,11406.953999998803,43.70480459769656,124.68257088168306,4.0,0.0,26.0,26.0,104.0,130.0,3025.3676800000057,5.12,5768.926200000017,1248.2317493637347,0.05,3.92,525.7920399999997,0.3440133594355984,2339.6771400000002,2225.4103999999993,659.0527000000095,685.6905400000053,0.48,513725925.1682486,812.0830598081242,540.2268470606247,801.6859624413145,548.918758930394,3.6864097264747904,3.4953962543376202,1903.0,130.0,1903.0,12.0,506372.16740613023,506415.87221072795,43.70480459769657,802.3719923371649,521.3787547892721,521.102662835249,118.04078544061304,19.059923371647507,111.42049472074976,51.2385932170648,802.9997824909517,469.47565020346144,801.4743103448275,133.02828085781348,958.490969599922,124.68257088168306,173.5,1903.0,158.0,1201792.9859885057,1202449.4706321838,660.4843448275786,825.1365158045977,462.07471264367814,825.1365158045977,464.04393678160915,0.9004929098149465,0.9718748190725159,1903.0,158.0,348.0,229848.55199999732,241119.11500000002,660.4843448275786,347.0,12662.459000002127,36.491236311245316,66.30421372592751,3.2162162162162162,0.0,37.0,37.0,119.0,156.0,4277.195813084099,6.299065420560748,8277.272747663468,1211.7311457484802,0.056074766355140186,5.140186915887851,590.476803738317,0.3070926438315114,3488.8104766355,3364.6781121494955,773.9582616822385,788.3853364485994,0.5887850467289719,1202221509.8934264,853.664072851527,445.14019423756366,843.4814865559739,466.5558828603181,3.608409275631562,3.4251375918523066,1903.0,173.0,1903.0,158.0,1202102.69978098,1202139.191017291,36.49123631124532,824.43969740634,464.43469740634,463.76693083573497,61.46462536023054,15.728025936599426,94.44459873938881,46.840745832665775,633.7630596764302,337.79590706136435,825.6910086455331,113.568261937771,739.6498166864479,66.30421372592751,249.0,1903.0,166.0,1712617.1046032065,1713601.5408997994,988.4359018036014,847.9244639278558,456.97695390781564,847.9244639278558,455.3314478957916,0.9631888087606577,1.069653070697374,1903.0,166.0,499.0,493229.5149999971,514062.94,988.4359018036015,498.0,22829.228000002917,45.84182329317852,46.0128292134811,2.8600000000000008,0.0,50.0,50.0,143.0,193.0,9315.040275229348,9.119266055045872,18037.047669724674,2116.762015728304,0.009174311926605505,7.321100917431193,1036.5395596330288,0.26545268262873717,7662.818513761466,7399.403779816489,1619.120055045847,1652.2217614678816,0.8440366972477065,1734355562.2805514,818.4581594815178,464.8646362299559,812.6922841537707,486.76822919341157,3.5424757836752794,3.3512123334033563,1903.0,248.5,1903.0,166.0,1713043.7428032127,1713089.584626506,45.84182329317854,848.3241867469878,455.4471987951807,455.4357730923695,39.11895582329318,14.379096385542168,110.36129701999053,73.2066825929743,922.9127026574065,616.005832818322,846.9556325301205,141.92323083634315,1149.0132507222993,46.012829213481076
1913,1,117.0,1913.0,12.0,411392.67656170204,411867.1557829787,478.47870638297843,796.389170212766,540.695744680851,796.389170212766,547.395840425532,0.6326256446849048,0.6925371434623188,1913.0,12.0,235.0,112442.4959999999,122453.07400000007,478.4787063829783,234.0,10950.457000000346,46.79682478632627,116.04476868282933,3.375,0.0,32.0,32.0,108.0,140.0,2371.4723499999977,4.64,4475.624559999996,1064.0799494435785,0.0,3.8,477.7202299999993,0.3573613874399734,1992.3816499999987,1872.040899999995,365.7713800000027,379.0906999999989,0.52,415701998.5159057,805.4700659742635,553.7349412110523,800.3205010124764,556.6273623358808,3.741518061271148,3.6336775752825137,1913.0,116.5,1913.0,12.0,411589.12419658125,411635.9210213675,46.796824786326255,795.7145940170941,549.3489743589743,547.6355555555555,112.4117094017094,15.72200854700855,163.43255535108295,95.74884695868549,1006.4024145586653,732.3232160178378,796.2876282051282,207.5734552361734,1312.248114358817,116.04476868282929,129.0,1913.0,158.0,1023819.9236949807,1024321.1757876447,505.2516949806901,838.5932432432434,484.44594594594594,838.5932432432434,488.0918918918919,0.6516899499135803,0.6045030063777633,1913.0,158.0,259.0,130860.1889999987,139031.67899999992,505.2516949806901,258.0,9207.387000000686,35.68754651163056,73.91692991403283,3.6896551724137927,0.0,29.0,29.0,107.0,136.0,2540.521084112151,4.803738317757009,4871.335327102751,957.8137400598558,0.07476635514018691,4.009345794392523,455.19547663551265,0.3050525849585716,2132.7028037383175,2038.6129906541846,397.0546728971906,407.8182803738338,0.411214953271028,1024907251.9163479,877.0448295601645,486.2054299111124,862.3266898714149,489.4295564249345,3.8768109771883905,3.733168311135403,1913.0,128.5,1913.0,158.0,1024049.4705155039,1024085.1580620155,35.687546511630565,837.5654844961241,487.85645348837204,487.94174418604644,72.23081395348837,9.30866279069767,87.91955127847046,24.525037756538428,444.0935067332096,164.5796943757986,836.765562015504,95.41370508896073,480.3897139006255,73.9169299140328,175.5,1913.0,166.0,1341973.4881619317,1342777.510090909,808.021522727277,843.6260298295455,455.25142045454544,843.6260298295455,459.55880681818184,0.8074004531602884,0.7076680763854715,1913.0,166.0,352.0,284423.5760000014,297473.51700000005,808.0215227272765,351.0,14457.797999996226,41.19030769229694,53.03605492827279,3.3846153846153832,0.0,39.0,39.0,132.0,171.0,5374.018541284438,6.385321100917431,10413.196697247762,1837.600341829216,0.01834862385321101,5.155963302752293,882.9367522935793,0.26490140354049924,4447.833816513772,4297.072440366989,909.5259082568916,926.1847247706658,0.6513761467889908,1346639244.831023,843.7442162227571,458.8933420277774,829.0916260403081,466.41585745593403,3.744769485190315,3.611274990924614,1913.0,175.0,1913.0,166.0,1342342.7623675212,1342383.9526752136,41.19030769229694,847.6313532763533,459.4858547008547,460.05538461538464,49.22279202279203,10.730954415954415,103.27307129007539,56.72078110571987,736.9681858644433,426.54919725415584,840.0414102564104,127.02541682192314,884.12576686475,53.03605492827278
1929,1,105.0,1929.0,12.0,452292.14203791466,452960.2695687204,672.1271421800994,825.5681872037916,494.52369668246445,825.5681872037916,513.4386966824644,0.6820501246381026,0.6990771970129149,1929.0,12.0,211.0,141818.827000001,150846.476,672.1271421800997,210.0,9871.566999999983,47.00746190476182,121.17357656322616,3.0270270270270276,0.0,37.0,37.0,112.0,149.0,2938.215760000001,4.18,5658.675840000035,1628.3975352020273,0.0,3.44,761.8672800000081,0.47655352293426056,2538.088650000005,2433.0907400000165,396.2471800000011,400.12710999999604,0.59,463232176.08736116,837.6649778614418,545.0237683272794,828.2431670069199,565.5824964869953,2.7909162976906967,2.822447967759896,1929.0,104.5,1929.0,12.0,452552.20686190476,452599.21432380955,47.00746190476181,824.449,513.4165238095237,513.6757142857142,117.45978571428569,15.510285714285718,104.12428639087706,32.627020562357096,629.639062756109,312.11567763909653,825.2914999999998,115.47914490819183,732.6295789696395,121.1735765632262,150.0,1929.0,158.0,1092535.2946013287,1093061.0425348836,529.7475149501656,889.5344102990033,483.0581395348837,889.5344102990033,498.8993604651162,0.7110197358486743,0.6729062405966043,1929.0,158.0,301.0,159454.00199999986,168836.974,529.7475149501657,300.0,10586.845999998151,35.28948666666054,81.42788083106525,2.6458333333333317,0.0,48.0,48.0,127.0,175.0,3072.2888878504755,5.570093457943925,5930.692672897196,994.9177689540464,0.056074766355140186,4.205607476635514,481.0382990654238,0.4079365102755204,2340.2775887850526,2248.3245140186914,717.0218224299061,732.011299065423,0.7757009345794392,1093860065.1176121,903.8597479568875,488.5083579296458,892.5440435864028,513.6669515575032,2.688258438943503,2.661853369655336,1929.0,149.5,1929.0,158.0,1092776.9906833332,1092812.28017,35.28948666666052,888.5630166666667,499.36600000000004,499.2642,79.87656666666668,9.805933333333336,63.80426855455621,15.066324777079654,244.5933792195895,79.48627934011417,889.3830166666668,68.48878317741374,259.889398865413,81.42788083106527,202.0,1929.0,166.0,1508376.9736395061,1509281.2471160495,908.2731234567855,882.2059135802469,466.8358024691358,882.2059135802469,487.4339382716049,0.8663112003705664,0.803955165044179,1929.0,166.0,405.0,367850.61499999807,383133.9299999998,908.2731234567858,404.0,16903.172000000486,41.839534653466536,47.44438352868058,3.5135135135135123,0.0,37.0,37.0,130.0,167.0,6961.1804128440135,7.376146788990826,13482.228440366898,2056.228765521032,0.009174311926605505,6.1192660550458715,866.9648073394355,0.37392399365250945,5813.281275229343,5614.7175321100585,1126.3966880733908,1147.8991376146707,0.6055045871559633,1505405489.2901747,824.4417378959016,466.39163141741653,806.3891304257052,496.3569600392509,2.696214481073971,2.6636831116771402,1929.0,201.5,1929.0,166.0,1508816.6699900993,1508858.5095247526,41.83953465346655,883.0658292079207,486.7378465346534,487.302042079208,44.68741336633664,8.908849009900992,72.67886979282682,30.537852535104744,512.8215598183193,256.7189552104853,880.6641831683168,82.74220461828217,581.0279250382704,47.44438352868062
1993,1,91.0,1993.0,12.0,13504324.883185793,13504773.692852458,452.8091639343425,811.8189071038253,548.6366120218579,811.8189071038253,578.1033196721312,0.695722749220462,0.6967290245988623,1993.0,12.0,183.0,82864.07699998468,92758.5940000005,452.8091639343425,182.0,10626.425000021234,58.38695054956722,122.06381392952704,5.444444444444445,0.0,18.0,18.0,98.0,116.0,1773.5317799999566,3.62,3273.7612799993904,1030.8446728320048,0.0,3.23,409.39928999988365,0.3822117310399073,1604.7826099999436,1476.0143899996765,160.86625000001862,168.74917000001295,0.26,13507440395.991634,810.4842026047954,575.3950672761773,808.2236441262722,571.2401073831292,3.3602229601518028,3.1887088149042606,1993.0,90.5,1993.0,12.0,13504504.215692306,13504562.602642857,58.38695054956722,810.6763461538461,579.3923076923078,577.0587362637363,118.54560439560439,13.898131868131872,107.51100068660158,43.60185917310991,781.3424452107444,537.4823294079516,809.2677197802196,125.75760514213685,984.3745673364556,122.063813929527,109.0,1993.0,158.0,14075739.21,14076311.433990868,576.2236118721074,826.1612214611872,477.8607305936073,826.1612214611872,503.38095890410955,0.7310280294240532,0.60124521767341,1993.0,158.0,219.0,126192.97099999152,132872.31799999997,576.2236118721074,218.0,7555.2639999985695,34.65717431192004,60.78168369912207,5.444444444444445,0.0,18.0,18.0,98.0,116.0,2426.776112149635,4.05607476635514,4692.669831775407,1113.4433885876201,0.06542056074766354,3.682242990654206,480.88761682251345,0.38655807800475306,2199.732962616885,2122.5812990653076,223.75361682239605,227.04314953275025,0.21495327102803738,14076778519.45646,840.0739797730488,506.5450961683171,841.735514553171,500.74014748818587,3.422488938386058,3.296512957890618,1993.0,108.5,1993.0,158.0,14076004.547412846,14076039.204587158,34.657174311920045,827.0965596330275,504.54075688073397,502.0501376146789,58.69706422018347,9.431123853211012,52.0894362147378,17.698272274774368,250.14966474443932,115.79383757718841,822.1962844036697,58.997965099578096,284.66135946522166,60.781683699122084,131.0,1993.0,166.0,14334292.671505703,14335075.431733843,786.759904942932,841.1538878326998,446.9011406844106,841.1538878326998,478.68039923954376,0.8027473923683183,0.740491455778298,1993.0,166.0,263.0,206917.85499999125,215761.26400000034,786.7599049429317,262.0,9895.32400001213,37.768412213786746,49.418689901903015,5.736842105263156,0.0,19.0,19.0,109.0,128.0,3900.13694495407,4.770642201834862,7572.764770641923,1741.1774952601897,0.009174311926605505,4.3577981651376145,827.3740917429362,0.3857601099524937,3605.877752293448,3499.902183486012,286.48020183494947,294.2591926606218,0.24770642201834864,14336903020.917883,825.0424792852243,486.5163343652103,823.0839724173727,479.42184681261244,3.4007470294919084,3.2685784195599386,1993.0,130.5,1993.0,166.0,14334656.705812978,14334694.474225191,37.76841221378675,842.7926145038168,478.62765267175575,477.1825572519084,46.164790076335876,10.301545801526718,46.22816630887029,19.50468079925723,295.1120079280172,142.82509167433415,836.394961832061,54.37115546753808,335.7906691008485,49.41868990190301
1996,1,95.0,1996.0,12.0,808601.4303664921,809008.1163612567,410.6857172774848,829.9894240837696,520.0130890052357,829.9894240837696,515.2469764397905,0.8094095521524732,0.9406755057716785,1996.0,12.0,191.0,78440.97199999959,85816.19199999992,410.6857172774846,190.0,8139.167000000132,42.83772105263229,121.12388936317866,5.047619047619048,0.0,21.0,21.0,106.0,127.0,1649.4167599999987,3.76,3119.4104399999883,920.7220750824083,0.0,3.26,369.39224999999743,0.407955617651929,1389.5561400000006,1306.5235299999965,253.18168999999762,259.860619999998,0.37,813515414.6268059,817.6663566035977,541.7530384938018,820.0407610215303,546.3022010438997,4.919367601826825,4.0962792431727095,1996.0,94.5,1996.0,12.0,808758.5724210526,808801.4101421053,42.837721052632276,829.33,516.4258684210527,514.1810263157895,115.49715789473684,15.627105263157896,96.92586803377388,40.2685494717629,511.22658302292234,367.17536057929226,825.2033684210526,116.47198385132816,655.7821673286452,121.12388936317869,162.5,1996.0,158.0,1592641.1986196318,1593031.4965245398,394.2976196319032,884.8044938650307,462.36503067484665,884.8044938650307,461.9180598159509,0.717648658352357,0.8953115574090396,1996.0,158.0,326.0,128541.02400000044,138407.6429999999,394.29761963190333,325.0,11170.526000001002,34.370849230772315,55.071720518470784,3.2051282051282057,0.0,39.0,39.0,125.0,164.0,2408.313971962621,5.906542056074766,4588.90800000003,791.8583477923092,0.037383177570093455,4.682242990654205,414.6432429906525,0.3444681037467922,1943.9415233644884,1845.2582803738421,449.19571962617295,464.3724485981326,0.6542056074766355,1596119480.1109314,892.7089635044932,471.476396971711,889.5296601843557,471.877109255353,5.01604155228711,4.065421157569278,1996.0,162.0,1996.0,158.0,1592809.0662738462,1592843.4371230768,34.370849230772315,885.3803692307692,461.87933846153845,460.3075692307692,50.72713846153845,11.56266153846154,55.284889500304004,30.33391197615067,346.10165432606965,237.6039253626684,880.5252615384615,70.13422505433017,427.5260439247777,55.07172051847078,169.0,1996.0,166.0,1854221.2586725666,1854834.2194011798,616.9602713864303,820.6974778761062,459.84218289085544,820.6974778761062,455.5382448377581,0.8362983531868243,0.9505474243825482,1996.0,166.0,339.0,209149.53199999995,218932.83100000003,616.9602713864305,338.0,11139.143999999622,32.956047337276985,46.41407344053204,4.275862068965517,0.0,29.0,29.0,124.0,153.0,3948.900467889911,6.18348623853211,7638.955559633023,1420.6821035720711,0.0,5.284403669724771,649.6427339449581,0.3681867215163051,3449.0256146789,3329.216999999995,490.26077981651633,499.87485321101076,0.46788990825688076,1856112793.3419602,827.7576660213326,458.3718399327878,820.768510556692,456.2830318527177,4.940719973699592,4.038770090590298,1996.0,168.5,1996.0,166.0,1854506.5065177514,1854539.4625650884,32.956047337276985,822.6070710059172,457.3820266272189,454.8234023668639,41.36449704142012,11.737795857988166,56.41630583111853,39.74648492855356,400.24053285800704,280.5436421513024,814.0465976331361,76.48884626300938,504.58914788377945,46.414073440532036
1033,0,60.5,1033.0,12.0,427958.67659016384,428474.30549999996,519.6287377049172,837.8393237704918,515.139344262295,837.8393237704918,508.2277868852459,0.7381714491715503,0.757271542253738,1033.0,12.0,122.0,63394.705999999904,67418.12100000001,519.6287377049172,121.0,4511.394000000029,37.28424793388455,156.33043461344275,10.555555555555559,0.0,9.0,9.0,95.0,104.0,1278.5186100000003,2.38,2493.042959999996,1112.6795447261059,0.0,2.24,498.7068399999989,0.45852170061268427,1212.8815500000003,1180.324529999998,66.19695000000007,65.63706000000006,0.14,427699556.5995373,820.8858019931191,495.8241719065132,818.5403535413454,503.3758257207261,3.6061727369794756,3.4589281053505756,1033.0,60.0,1033.0,12.0,428202.13757851237,428239.4218264463,37.28424793388454,836.4038429752068,511.43,506.65256198347106,155.20400826446283,12.69520661157025,108.85348841686293,18.292156237767347,412.1106708999338,131.12611466283374,834.5983471074381,114.48515355257108,442.7509048091235,156.33043461344272,83.0,1033.0,158.0,917862.6755209581,918199.3613353294,340.6857305389284,828.4026497005989,473.39820359281435,828.4026497005989,464.71791916167655,0.6035994414645798,0.6457700843902202,1033.0,158.0,167.0,56894.51700000104,61738.53800000005,340.6857305389284,166.0,5512.006999999168,33.20486144577813,96.92316557285109,7.538461538461537,0.0,13.0,13.0,98.0,111.0,1102.1017289719628,3.046728971962617,2109.553009345836,662.220553794805,0.07476635514018691,2.7850467289719627,328.78358878504713,0.4426148259949171,1019.0807757009371,972.390953271047,82.38555140187094,83.02095327102558,0.17757009345794392,918207760.6673144,837.2658783521181,461.68422593600206,845.741206762534,463.54431467806705,3.827640238372846,3.627704365850499,1033.0,82.5,1033.0,158.0,918013.3630481928,918046.5679096385,33.20486144577812,828.0685542168675,466.92286144578316,462.638313253012,95.15852409638556,11.810512048192766,71.38923309976761,22.754775158229783,233.15616415085864,105.31490267497955,824.3447289156627,79.47931952119126,262.4054691855205,96.92316557285112,110.5,1033.0,166.0,1077943.9517792792,1078499.2179954953,559.2656441441452,821.8650337837837,480.5135135135135,821.8650337837837,469.2038400900901,0.7448181607609706,0.585631748410528,1033.0,166.0,222.0,124156.97300000029,131232.06499999992,559.265644144145,221.0,7962.964999999851,36.0315158371034,71.95882413362457,6.388888888888889,0.0,18.0,18.0,115.0,133.0,2348.8552568807286,4.018348623853211,4540.665174311937,1314.5664777670238,0.009174311926605505,3.541284403669725,617.5208256880863,0.3803303223908418,2144.2888348623824,2070.3900091743158,199.9425779816528,204.5664220183464,0.29357798165137616,1078335412.2239692,830.4844949264101,467.57142730901666,831.9684700003047,465.14287869092243,3.650346771490386,3.4754614986135235,1033.0,110.0,1033.0,166.0,1078203.0992533937,1078239.1307692307,36.0315158371034,824.1160180995475,470.4515384615385,467.7993212669683,70.62527149321267,9.590135746606336,52.5283412959675,18.85885905063272,216.521140876071,126.90625492389093,815.1444117647058,59.400364890161036,259.2395186011385,71.95882413362459
1058,0,98.0,1058.0,12.0,666511.468568528,666955.7545634517,448.28568527918736,772.0356345177665,497.88071065989845,772.0356345177665,509.9043781725888,0.9501757362408163,0.9488833420428165,1058.0,12.0,197.0,88312.27999999988,96731.091,448.28568527918736,196.0,9206.750000000233,46.97321428571548,113.96686484545359,3.724137931034483,0.0,29.0,29.0,108.0,137.0,1859.47711,3.86,3516.8162399999937,1111.090304547091,0.0,3.06,506.8823600000027,0.43700721611607884,1514.9877300000016,1426.0742799999948,332.33384000000194,344.4893799999985,0.49,667960678.6391037,788.3111766651507,493.40084425517836,792.0117633439451,500.3909112333072,3.3839359986769755,3.4005035763013187,1058.0,97.5,1058.0,12.0,666703.8749999999,666750.8482142857,46.97321428571547,772.1418367346938,513.1684183673468,509.6342602040818,111.50293367346937,13.801505102040815,131.119764408038,64.58981915337523,773.4919314192209,531.1405792349765,766.5541581632654,161.08818932386365,980.7103379968559,113.9668648454536,78.0,1058.0,158.0,1211602.043910828,1211881.7397707007,283.6953121019219,843.3267834394904,476.2579617834395,843.3267834394904,467.80890127388534,1.0244805845838918,1.182644560063999,1058.0,158.0,157.0,44540.164000001736,51155.526000000085,283.6953121019219,156.0,7243.275999998907,46.43125641024942,138.15289897024599,4.130434782608695,0.0,23.0,23.0,95.0,118.0,870.0530373831867,2.878504672897196,1613.4684485981902,496.30627288234007,0.17757009345794392,2.2616822429906542,226.9844018691611,0.46718925586386073,678.1885887850576,626.8311588785233,179.90306542057186,191.86444859812906,0.3644859813084112,1213119526.1384459,824.8961702626641,463.1258958724202,835.567670419012,457.71381332082547,3.2955096935584742,3.2704229205753594,1058.0,77.5,1058.0,158.0,1211709.857903846,1211756.2891602565,46.431256410249404,838.6968269230769,471.5753525641026,467.2158333333333,132.96987179487178,19.67650641025641,202.34626509354422,98.70324333076304,1028.6333816923761,596.7906281672698,841.4702243589744,244.12104530668955,1240.7190634316976,138.15289897024596,111.0,1058.0,166.0,1348696.0925560538,1349091.82532287,399.7325650224151,792.222668161435,475.1434977578475,792.222668161435,456.75466367712994,1.2949533083907185,1.2428103187842245,1058.0,166.0,223.0,89140.36199999854,95967.34900000013,399.73256502241514,222.0,7718.9420000026,34.77000900902072,75.59363872095784,5.095238095238094,0.0,21.0,21.0,107.0,128.0,1682.713990825679,3.981651376146789,3208.682788990754,860.0640127043063,0.05504587155963303,3.220183486238532,411.50617431192404,0.28245466898626886,1410.9947522935743,1343.4436788990445,260.89771559633266,271.7192385321047,0.3211009174311927,1348467477.5045424,760.204204867478,441.9141456909485,772.105190031672,437.26231705284215,3.2458355559259875,3.2809614102350397,1058.0,110.5,1058.0,166.0,1348878.5038558557,1348913.2738648648,34.77000900902072,795.4113963963965,458.7112837837837,454.9333333333333,68.94403153153152,17.869977477477473,299.2479344670793,165.86721272027134,1001.5674981165967,667.4716501684908,787.001463963964,361.5160586390839,1246.5893974916341,75.59363872095783
1160,0,79.5,1160.0,12.0,373835.03481875,374181.33044999995,350.2953249999966,849.4456875,496.1125,849.4456875,493.174734375,0.7096465510824262,0.7544822059784039,1160.0,12.0,160.0,56047.251999999455,61486.52400000002,350.2953249999966,159.0,6079.22300000058,38.23410691824265,131.5044417355192,8.727272727272725,0.0,11.0,11.0,96.0,107.0,1169.8188599999976,3.14,2220.929879999978,786.6499249799426,0.0,2.89,376.13920999999914,0.4028382524010597,1068.786549999998,1012.75283999999,97.71209999999904,101.03230999999971,0.17,376569096.17948884,819.3184379267739,525.9778506860896,830.2891792937504,528.9627020875333,3.458807309618261,3.5611731807244587,1160.0,79.0,1160.0,12.0,373972.99732075474,374011.231427673,38.234106918242645,848.0188993710692,494.11006289308176,492.875283018868,129.06506289308177,13.51333333333333,87.96202459634382,16.827926201092755,282.14309094828815,68.3066276891082,846.9819496855345,93.29704314552788,288.70967045382207,131.5044417355192,84.0,1160.0,158.0,915874.7189763315,916219.4682485207,348.74907692307715,853.9629733727812,475.0443786982249,853.9629733727812,472.24569526627215,0.6742500079102999,0.6365703018011188,1160.0,158.0,169.0,58938.594000000056,64370.319999999956,348.7490769230772,168.0,6107.693000000785,36.355315476195145,89.51714001189247,5.555555555555555,0.0,18.0,18.0,100.0,118.0,1142.3608411214918,3.121495327102804,2178.187626168228,658.2573077492228,0.09345794392523364,2.8130841121495327,331.9695607476637,0.37490465944902246,1040.7227102803724,987.1567476635536,101.93706542056023,101.63813084111958,0.2616822429906542,917271382.8208251,858.4043501491054,484.86364997514914,863.626752609344,477.65326540755467,3.392816227634195,3.4964662027833002,1160.0,83.5,1160.0,158.0,916021.640154762,916057.995470238,36.35531547619515,850.9363095238094,470.92517857142855,470.15502976190476,88.3508630952381,9.893660714285712,72.8033984537747,17.812449138961785,301.2777530815712,96.19487544578081,853.0333035714286,78.11691535275529,319.10353706845865,89.51714001189244,100.0,1160.0,166.0,1058936.9454975126,1059457.595482587,524.649557213925,812.6198631840796,455.5149253731343,812.6198631840796,450.55262437810944,0.836933665651405,0.7322024372993036,1160.0,166.0,201.0,105454.56099999892,111858.05700000004,524.6495572139249,200.0,7207.41000000108,36.03705000000541,73.11789090977003,4.035714285714285,0.0,28.0,28.0,113.0,141.0,1994.614045871552,3.6513761467889907,3853.598715596294,1139.3805048414351,0.03669724770642202,3.110091743119266,542.7091926605453,0.36900112863241313,1725.2116330275194,1659.452128440352,267.34722935779496,269.40241284403254,0.3944954128440367,1062058492.0786557,822.6626614229532,470.6144590632821,822.8284254558456,458.0150203789775,3.3287440114408295,3.4388308902395424,1160.0,99.5,1160.0,166.0,1059164.9659799999,1059201.00303,36.0370500000054,815.283175,449.477975,449.7457,70.374,11.256524999999996,76.27721259070223,22.950881280587183,390.86010318411905,142.41313944532604,809.012175,83.39400781260164,418.3535624867103,73.11789090977001
1169,0,67.5,1169.0,12.0,357223.2719044118,357588.79807352944,369.5258088235299,805.2291727941176,531.3308823529412,805.2291727941176,520.2654411764706,0.7563414498326028,0.7364093414295023,1169.0,12.0,136.0,50255.51000000005,55447.069000000025,369.52580882352987,135.0,5735.5099999997765,42.4852592592576,149.8808102903764,6.399999999999999,0.0,15.0,15.0,96.0,111.0,1043.508470000003,2.67,1987.742780000004,806.5449122632094,0.0,2.43,381.8443400000001,0.42914464108296074,959.2711400000029,910.9942900000012,82.8771000000008,84.23733000000007,0.21,358064844.5854309,806.3410558961414,521.927647313379,806.454589253516,502.07888063469164,3.8736350522899383,3.8410219978362785,1169.0,67.0,1169.0,12.0,357379.9267407407,357422.41199999995,42.4852592592576,803.0733333333333,523.6858518518518,517.9618888888889,139.22699999999998,23.16766666666666,152.84116395487712,84.74832829025534,643.2811311912005,418.6846526294349,803.4051481481481,195.95693239510115,830.0729747856984,149.88081029037642,78.0,1169.0,158.0,853584.8254267516,853939.4175095541,358.5918025477674,876.3594904458599,485.04777070063693,876.3594904458599,467.2782006369427,0.6334718833709466,0.5187548445138938,1169.0,158.0,157.0,56298.912999999484,60910.54200000002,358.59180254776726,156.0,5239.585000000545,33.58708333333682,100.03230725892746,5.866666666666665,0.0,15.0,15.0,88.0,103.0,1095.7496635514044,2.9158878504672896,2093.8666542055885,676.3872019974046,0.11214953271028037,2.7570093457943927,336.83787850467445,0.43799519680846905,1039.6843084112172,991.166813084105,55.76651401868934,56.06535514018707,0.14018691588785046,853498692.199002,855.3993401615127,471.86870264591954,857.4453391110236,451.718507648874,4.006467730286915,3.9448342196835404,1169.0,77.5,1169.0,158.0,853747.0293333333,853780.6164166668,33.58708333333683,870.6676923076923,467.17455128205137,459.61089743589747,95.30644230769231,15.51602564102564,83.97122245556183,28.04406267015701,308.2331719707573,144.30388668091715,871.4375320512819,96.46435849500583,361.43883318837067,100.03230725892747,90.5,1169.0,166.0,991439.490697802,991987.2671373627,551.7762307692345,800.3164285714284,468.84615384615387,800.3164285714284,447.4852747252747,0.7577430268037495,0.6451981103714003,1169.0,166.0,182.0,100423.27400000066,105922.623,551.7762307692344,181.0,6227.3109999992885,34.40503314916734,71.33163432430057,5.888888888888889,0.0,18.0,18.0,106.0,124.0,1890.4068807339502,3.302752293577982,3671.9088807339704,1143.6167455925574,0.045871559633027525,3.0,507.3401284403693,0.43896439059050174,1685.9110091743166,1632.0086238532222,203.9458165137629,204.49587155963346,0.24770642201834864,993528224.2770776,811.5512234885651,464.07048494225984,813.1698928220998,439.55798286663145,3.8058770473243264,3.737505472111103,1169.0,90.0,1169.0,166.0,991686.0171933701,991720.4222265192,34.40503314916734,801.8473204419889,447.6933701657459,445.6322651933702,69.59649171270718,8.78259668508288,87.93308924410395,30.21358110843403,374.18850020359275,181.81456139876263,794.5116022099446,97.68033878661124,426.6004947535884,71.33163432430055
1189,0,74.5,1189.0,12.0,293077.9463,293558.49034666666,484.54367333333164,826.1351166666666,530.08,826.1351166666666,538.7542,0.7215033771911726,0.5690926286532592,1189.0,12.0,150.0,72681.55099999976,77577.05599999998,484.54367333333175,149.0,5495.449000000167,36.88220805369241,143.07061302024894,5.0,0.0,19.0,19.0,95.0,114.0,1491.7424399999984,2.96,2890.6159599999887,1084.2228284536632,0.0,2.65,439.6307699999967,0.4616581253104817,1331.8260599999985,1287.1512199999931,158.15676000000124,159.91637999999978,0.26,295304176.33663267,821.503646767708,555.2866790390761,817.8130286627487,543.4447716259408,3.1652299206103724,3.155981544489123,1189.0,74.0,1189.0,12.0,293286.4620201342,293323.3442281879,36.8822080536924,824.493288590604,540.6429865771812,537.6011744966441,139.72097315436247,13.315637583892617,128.52994388254206,35.67766244806758,477.941299450355,210.27453899518275,825.5533221476509,140.65076128346476,545.9670400261916,143.07061302024897,74.0,1189.0,158.0,799124.7338657717,799485.2921744967,364.5578255033544,841.5536073825505,481.29194630872485,841.5536073825505,487.2542617449664,0.5681483757410392,0.4841282919707747,1189.0,158.0,149.0,54319.1159999998,59406.54299999994,364.5578255033543,148.0,5683.354999999167,38.40104729729166,101.63159163661659,6.714285714285711,0.0,14.0,14.0,94.0,108.0,1054.4491962616933,2.7476635514018692,2009.5424672897175,678.9592036224301,0.06542056074766354,2.5794392523364484,321.39008411215116,0.4468271120589109,995.0535046729068,945.4879719626156,59.28326168224307,59.39569158878648,0.14018691588785046,800908392.3926624,865.2292702793671,498.142607876136,883.2253887579939,486.88149175361826,3.3530084146751937,3.3374580949175363,1189.0,73.5,1189.0,158.0,799274.9923513513,799313.3933986486,38.40104729729167,838.1842567567568,488.07989864864874,485.4165878378378,99.11685810810812,11.543513513513512,95.30734475572626,30.074880593027196,501.2867675429205,224.2555503548455,843.0500337837836,105.99025662383953,563.0622245130802,101.63159163661662,117.5,1189.0,166.0,968855.460381356,969488.9302584747,637.469368644071,819.4321927966101,477.25847457627117,819.4321927966101,486.99038135593224,0.7950730729129311,0.6021925108133038,1189.0,166.0,236.0,150442.77100000076,158257.72100000017,637.4693686440712,235.0,8758.829999999376,37.271617021273926,61.808694802952346,5.0,0.0,23.0,23.0,115.0,138.0,2842.1335229357865,4.275229357798165,5504.836623853234,1413.6131229974046,0.009174311926605505,3.7522935779816513,686.723871559633,0.43195648157691047,2526.6020000000035,2440.9230917431296,311.4952201834878,315.5315229357829,0.3394495412844037,970031101.9383118,816.0457619408642,493.32259919130655,813.4641526408897,476.6547725549658,3.1126616123325754,3.0910227445034115,1189.0,117.0,1189.0,166.0,969149.9131914894,969187.1848085107,37.27161702127394,819.6698936170212,487.73504255319153,486.1462553191489,60.43753191489362,7.770234042553194,74.24057503078565,37.74349060418774,403.4309159486069,238.22571943241266,816.3304042553192,89.71143297394083,480.4252094020812,61.80869480295235
1284,0,71.5,1284.0,12.0,5562145.570909723,5562586.117319445,444.5458402778216,815.469375,497.69444444444446,815.469375,499.70704861111113,0.7103335714267283,0.5619085512098027,1284.0,12.0,144.0,64014.60100000631,69037.9280000003,444.5458402778217,143.0,5599.245000001043,39.155559440566726,152.93649297743264,8.333333333333334,0.0,12.0,12.0,100.0,112.0,1317.850990000004,2.84,2542.5147200002893,1015.8712937001509,0.0,2.56,471.09537000006065,0.4577447973588342,1211.420590000013,1165.06710000013,106.19026000001467,106.43039999999105,0.22,5563839838.610612,823.8628361235012,506.2369043619301,822.3415148004402,518.485722064531,3.120172044256502,3.039876035451544,1284.0,71.0,1284.0,12.0,5562335.9728321675,5562375.128391608,39.15555944056673,810.8484965034967,502.8193006993007,496.1124825174825,151.24006993006998,14.747027972027977,94.4006361334335,13.56010690563493,286.5903056248922,48.82642138329509,811.2525524475526,97.60400246065626,290.5776280778991,152.93649297743258,96.0,1284.0,158.0,6056978.563139896,6057335.485217617,360.92168911916104,872.5341191709846,510.7279792746114,872.5341191709846,507.1079404145077,0.629130696495433,0.5135084460690688,1284.0,158.0,193.0,69657.88599999808,76801.06999999937,360.92168911916093,192.0,7915.108999994583,41.224526041638455,90.18872257798161,4.166666666666666,0.0,24.0,24.0,100.0,124.0,1361.1154392523795,3.532710280373832,2579.3711028037087,641.0319845018639,0.102803738317757,3.074766355140187,335.700953271005,0.4218635361103751,1179.8533925233914,1109.2086728971851,180.4768785046692,181.2620467289882,0.34579439252336447,6057206386.75703,840.3463044157467,495.65605290564463,834.5602150593627,506.83081181003956,3.0937445323890858,2.9997521349718808,1284.0,95.5,1284.0,158.0,6057136.165755209,6057177.39028125,41.224526041638455,869.7780729166667,509.3393750000001,504.329921875,87.83544270833335,11.038411458333329,65.48732068561475,18.695669120033553,324.05587819981633,164.00076742028523,872.2977343749999,72.60077343841037,376.4963537004132,90.18872257798164,121.5,1284.0,166.0,6243223.330889344,6243849.603659836,630.2722786885274,808.8622950819673,461.1454918032787,808.8622950819673,459.58888319672127,0.7876154928833828,0.7041400918562792,1284.0,166.0,244.0,153786.4360000007,162597.64800000013,630.2722786885276,243.0,9787.091999992728,40.27609876540217,62.555243223589265,6.166666666666665,0.0,18.0,18.0,111.0,129.0,2916.5065596330687,4.440366972477064,5616.086935779849,1356.4437169339622,0.027522935779816515,3.9541284403669725,651.0895321101139,0.4032107965874047,2657.699394495406,2557.6017614679,250.44170642202428,258.807165137663,0.27522935779816515,6244378378.820563,832.2070613700652,452.8562400688722,827.2307630057804,461.87598671750095,3.0519431804206123,2.9630402164555405,1284.0,121.0,1284.0,166.0,6243512.872609054,6243553.148707817,40.276098765402175,806.5288065843621,461.02442386831274,456.2423662551441,59.56596707818931,10.8559670781893,64.2476091188506,29.168071793742662,374.61356046334686,224.0206551301296,805.0145679012345,75.31216507336714,446.6676442872975,62.555243223589265
1314,0,75.0,1314.0,12.0,405786.53024503315,406205.5661854305,423.0355430463563,805.8757450331125,526.6523178807947,805.8757450331125,531.3115066225166,0.6507378908508713,0.5432385213299588,1314.0,12.0,151.0,63878.36699999981,68589.82300000005,423.03554304635617,150.0,5315.396000000124,35.43597333333416,132.23357707464743,5.76470588235294,0.0,17.0,17.0,98.0,115.0,1295.1209299999987,2.98,2501.697799999991,925.605671530732,0.0,2.67,429.31581999999645,0.43120852013992383,1171.7686799999997,1127.8560299999947,122.99287000000069,123.35224999999919,0.25,407893242.80806905,816.1698746501866,554.414133045709,823.0180299673508,547.042692397388,3.550492070895523,3.451036030783582,1314.0,74.5,1314.0,12.0,405965.7086333333,406001.14460666664,35.43597333333416,802.3896333333333,533.9377,529.1653000000001,130.1344333333333,11.95466666666667,96.80637221364589,13.628953039102905,270.468728330147,50.478206772712156,803.9228666666667,100.58552510339975,278.51381334196446,132.23357707464749,83.0,1314.0,158.0,947382.4407664669,947715.968742515,337.5279281437104,841.4751796407185,493.2305389221557,841.4751796407185,497.1434131736527,0.5275432160293224,0.508207106280274,1314.0,158.0,167.0,56367.16399999965,61222.687999999966,337.5279281437105,166.0,5523.516000000294,33.27419277108612,95.11003712924253,4.799999999999999,0.0,20.0,20.0,96.0,116.0,1089.5871401869128,3.046728971962617,2085.05917757008,615.9460821824497,0.12149532710280374,2.691588785046729,287.0378878504673,0.4381761205067694,960.8482149532674,914.9862242990574,127.54336448598252,128.73892523364543,0.27102803738317754,948688312.1587301,847.8755320399764,511.3351198641322,853.1753315043437,499.6867182702985,3.5370886406688875,3.413976092494611,1314.0,82.5,1314.0,158.0,947525.7174939759,947558.9916867471,33.27419277108611,838.4973192771084,498.75451807228916,495.83213855421684,93.07358433734942,10.544307228915658,72.70082451801309,14.412698906849304,208.98885849688887,45.73701365480717,841.8356024096385,77.25212961338435,214.43116310698645,95.11003712924249,116.5,1314.0,166.0,1100129.402931624,1100625.5995213676,500.1960641025719,838.6102136752137,461.63034188034186,838.6102136752137,464.3950427350427,0.6531736255800151,0.6065260149726777,1314.0,166.0,234.0,117045.87900000185,123361.23,500.19606410257177,233.0,7251.227999997791,31.121150214582794,64.49556116051585,3.899999999999998,0.0,30.0,30.0,117.0,147.0,2204.3956055045974,4.238532110091743,4278.527229357861,1046.9540768899574,0.01834862385321101,3.623853211009174,489.35850458715856,0.4129715487215588,1879.831853211006,1817.4157155963567,321.8478990825739,324.563752293591,0.43119266055045874,1101922608.8488896,822.1308098557303,477.4540424704166,826.8479202463933,462.3499358080726,3.5222856216566703,3.3739607715999353,1314.0,116.0,1314.0,166.0,1100355.3181201718,1100386.439270386,31.121150214582794,838.1454077253219,465.7927253218885,463.35390557939917,62.734742489270396,9.109506437768239,51.232689129082715,12.517830489804705,151.44079446523872,55.240918137864355,835.1220386266094,55.6512688262896,165.29558422586945,64.49556116051586
1345,0,62.5,1345.0,12.0,489515.65564285713,489960.5962460317,448.94028571428635,785.6789285714285,498.44444444444446,785.6789285714285,507.96331349206343,0.6487039388874352,0.6225039380199183,1345.0,12.0,126.0,56566.47600000007,62446.185,448.94028571428646,125.0,6383.668999999762,51.06935199999808,159.86944430641378,10.333333333333332,0.0,9.0,9.0,93.0,102.0,1167.173820000001,2.48,2220.111280000003,985.7601822854901,0.02,2.3,464.9196900000004,0.4603582522489871,1118.8975500000013,1063.2600500000017,46.7955899999995,48.27626999999978,0.14,491301622.0233109,791.0637540826128,508.9077470381044,805.2040320204931,519.8552782580851,3.321440922190202,3.2269907140569964,1345.0,62.0,1345.0,12.0,489700.10031999997,489751.169672,51.06935199999809,781.3310399999999,510.30076,505.1462399999999,158.27164000000002,12.174119999999997,122.61701036010912,22.62575230627702,477.1342596459862,216.59851548137004,785.3682000000001,131.01042939556365,564.3339659962456,159.8694443064138,67.5,1345.0,158.0,974030.6338455883,974352.6927867648,326.0586691176457,844.9062867647059,481.2647058823529,844.9062867647059,494.17560661764713,0.6355611734151271,0.5350844480609498,1345.0,158.0,136.0,44343.97899999983,47931.71499999997,326.05866911764565,135.0,4131.699000000022,30.60517777777795,101.00434444803753,12.14285714285714,0.0,7.0,7.0,85.0,92.0,855.436289719628,2.485981308411215,1634.840598130838,617.3843256675601,0.1308411214953271,2.4205607476635516,300.46168224299413,0.4275280846465464,834.1277943925234,797.532084112148,19.888214953270932,21.308495327104623,0.056074766355140186,974708097.4063908,869.6073510762557,501.9218872017354,858.7613457366926,485.8590338728516,3.3968071082930082,3.201057900884365,1345.0,67.0,1345.0,158.0,974172.5501555556,974203.1553333333,30.605177777777943,842.3476296296295,496.428037037037,491.4432222222222,100.04385185185187,10.102592592592588,83.65557837174877,18.411616695002984,243.03078586884226,113.07100190430019,841.5317777777778,90.50273300631821,288.40419730343166,101.00434444803753,97.0,1345.0,166.0,1104899.1395333332,1105373.2506615384,478.1108512820676,817.0777820512822,455.94358974358977,817.0777820512822,464.47571794871794,0.7091763186433996,0.6301941939733146,1345.0,166.0,195.0,93231.61600000323,98735.20500000007,478.11085128206736,194.0,6283.534999998985,32.38935567009786,75.70942850087864,7.846153846153842,0.0,13.0,13.0,102.0,115.0,1761.0844770642211,3.522935779816514,3398.1475963303906,1047.7104368431276,0.045871559633027525,3.220183486238532,514.9023669724921,0.38980022898013095,1647.4070917431184,1588.258532110138,110.8152660550571,113.67738532110272,0.1651376146788991,1104772458.646468,840.5549854180168,456.25117546986394,833.6113703013609,454.77088383020083,3.424398898250162,3.2121034510693454,1345.0,96.5,1345.0,166.0,1105121.8857886598,1105154.27514433,32.38935567009786,816.9358247422681,465.28677835051553,462.30858247422674,73.79322164948455,9.992628865979382,64.80666265401963,17.179605823132473,247.5990851752424,110.30016824465096,813.7203865979382,71.0923261526304,278.1335849704028,75.70942850087863
1398,0,77.5,1398.0,12.0,352647.6080448718,353106.77333974355,463.16471794871944,831.187483974359,507.5128205128205,831.187483974359,502.3455288461538,0.6462818340165726,0.5963493750058604,1398.0,12.0,156.0,72253.69600000024,77825.01800000004,463.16471794871933,155.0,6195.231999999727,39.96923870967566,143.16345773768737,6.92857142857143,0.0,14.0,14.0,97.0,111.0,1492.4669300000025,3.08,2865.3486000000103,1073.7808096716294,0.0,2.78,476.9226500000013,0.3209817773017057,1400.8768600000017,1343.6844500000047,88.98985000000044,91.59007000000099,0.21,355696280.9900822,810.2607178828366,533.6408792394656,808.8973900308325,525.5368561151079,4.296936793422405,4.281704522096608,1398.0,77.0,1398.0,12.0,352839.0313612903,352879.00059999997,39.96923870967566,830.4005806451613,502.49448387096766,502.28609677419354,141.90467741935484,12.136193548387094,110.13711464750651,23.281877310804575,362.0010904827743,110.88165508886783,829.6549354838711,117.69423519802888,388.6340181621572,143.1634577376873,84.0,1398.0,158.0,844822.3766508874,845182.3677278106,363.9908343195253,807.9590088757398,472.86686390532543,807.9590088757398,467.9920710059172,0.6203413492428289,0.6649996643720406,1398.0,158.0,169.0,61514.45099999976,67630.005,363.9908343195254,168.0,6791.513000000035,40.42567261904782,84.12032171551427,12.5,0.0,8.0,8.0,100.0,108.0,1157.7673738317696,3.0841121495327104,2183.4334205607447,716.7973769586665,0.018691588785046728,2.953271028037383,352.5751869158828,0.29721529272611746,1102.934663551395,1040.7712523364462,50.94545794392623,54.832710280374705,0.09345794392523364,846926189.785406,835.3577434805749,485.7167257997753,820.4876441369523,479.31092543315003,4.162423274791556,4.06845366920939,1398.0,83.5,1398.0,158.0,844970.7199642857,845011.1456369048,40.42567261904783,806.2039583333334,468.4174107142857,467.7628273809524,80.4030357142857,12.521250000000004,69.2022580278644,23.623151689266916,341.31198939703097,144.8330486712134,804.9817559523809,79.38834136789286,376.71299094551676,84.12032171551428,128.5,1398.0,166.0,1018720.9921550388,1019253.9518178295,536.9592286821661,826.3785658914728,462.11240310077517,826.3785658914728,461.5775096899225,0.7959849663518358,0.7647166122411246,1398.0,166.0,258.0,138535.4809999988,148186.9,536.9592286821661,257.0,10683.307000000728,41.56928793774601,54.78372803910838,7.357142857142859,0.0,14.0,14.0,103.0,117.0,2597.4602385321054,4.605504587155964,4960.8786422017865,1082.5688004123867,0.045871559633027525,4.275229357798165,572.5435963302655,0.25713660411985545,2462.2787798165127,2349.5874403669486,130.8518807339448,135.18145871559295,0.1834862385321101,1022412552.0621558,830.8209008960381,470.7404650221311,815.4520042102992,472.6915937061427,3.9846936737558027,3.899051873043291,1398.0,128.0,1398.0,166.0,1018953.3682762646,1018994.9375642024,41.569287937746026,828.8285019455253,461.5934435797666,461.0074319066147,51.275097276264596,10.605466926070038,54.607408670299655,24.06870909017117,397.1903841647488,216.3137763059566,822.3597081712063,64.93225043837197,467.0591034327738,54.783728039108375
1009,1,95.5,1009.0,12.0,417651.5629479166,418172.39076562505,524.8274947916658,851.7013151041666,485.4791666666667,851.7013151041666,496.98425781249995,0.7950948467277783,0.7468062691168819,1009.0,12.0,192.0,100766.87899999987,107630.42400000003,524.8274947916659,191.0,7631.483000000124,39.955408376963994,135.16413532187087,3.7333333333333343,0.0,30.0,30.0,112.0,142.0,2080.9692299999983,3.79,4015.4737799999943,1258.665411803492,0.0,3.15,566.093790000002,0.4427323356515979,1802.7457699999975,1731.1113699999994,276.62551999999795,278.2234600000008,0.52,421569260.68709123,822.5317995689655,522.0064090368609,842.0610359690845,511.6087607758621,3.5084215219976222,3.495218489892985,1009.0,95.0,1009.0,12.0,417872.86145549733,417912.81686387444,39.955408376964,850.9195287958114,497.43840314136116,496.1089528795811,133.8439267015707,10.205628272251312,95.78444177139296,16.188438491149725,357.7616113907458,112.97417357209551,846.9069633507852,100.72919086472048,387.2880109078379,135.16413532187087,110.0,1009.0,158.0,990167.3177963801,990656.3062805429,492.9880226244376,846.8543099547511,473.6674208144796,846.8543099547511,484.2160067873304,0.8153104674717646,0.7798433698286449,1009.0,158.0,221.0,108950.35300000067,115069.77700000002,492.9880226244375,220.0,7003.321999998996,31.833281818177237,74.39844968163602,9.090909090909093,0.0,11.0,11.0,100.0,111.0,2104.713196261687,4.11214953271028,4061.548747663582,924.3270348341667,0.07476635514018691,3.803738317757009,456.74874766355504,0.4180644372380381,1945.479476635515,1873.5959813084278,157.1783925233633,159.23371962617176,0.17757009345794392,993182085.3902752,837.1518278187126,502.4009255526206,862.953448491589,489.6390654108161,3.5035558876685666,3.42711733629918,1009.0,109.5,1009.0,158.0,990383.312140909,990415.1454227272,31.833281818177255,848.8608409090909,485.08915909090916,483.1867727272728,72.68052272727274,9.288250000000003,56.99463490993011,19.599390270900535,207.76404642845114,101.51482298260846,840.7614090909092,64.81358472303394,236.4426912789483,74.39844968163602,118.5,1009.0,166.0,1201675.6716596638,1202317.799,646.1269873949609,835.4556302521008,463.7857142857143,835.4556302521008,475.4580042016807,0.8744232837624689,0.7411584304053356,1009.0,166.0,238.0,153778.22300000073,161845.7679999999,646.1269873949609,237.0,9019.460999998497,38.05679746834808,61.054798781649176,6.875,0.0,16.0,16.0,110.0,126.0,2885.621266055038,4.220183486238532,5604.493284403688,1448.378701656025,0.01834862385321101,3.8990825688073394,671.7652568807313,0.4431057523684631,2701.9287706422,2619.6922752293717,182.5543669724726,183.69249541283833,0.23853211009174313,1205918422.0106258,823.458698692762,496.3726473422789,851.2299851731041,472.9718536091136,3.450765314947982,3.431531371240764,1009.0,118.0,1009.0,166.0,1201961.1681308018,1201999.2249282699,38.05679746834809,836.310970464135,477.2075316455695,470.8754430379747,57.26930379746836,11.927742616033756,52.308001200711786,31.66382473886404,288.87601152984195,186.78962450163277,828.2509493670888,67.88838233719494,356.0723605268012,61.05479878164919
1038,1,103.5,1038.0,12.0,452491.72544230765,453300.84174038464,813.1161971153823,823.780408653846,523.3461538461538,823.780408653846,516.0292788461539,0.8434133238854586,0.7697607016801342,1038.0,12.0,208.0,169128.16899999953,176332.25199999995,813.1161971153821,207.0,8036.062000000206,38.82155555555655,99.05677680334144,3.6296296296296306,0.0,27.0,27.0,98.0,125.0,3465.523739999998,4.12,6753.768879999984,1811.2501264785967,0.0,3.53,784.0158899999957,0.3645172038002981,3035.4471599999983,2954.4477299999917,422.4367100000003,430.07657999999935,0.35,463304459.3843135,817.6020467690354,563.6110261062851,817.2529621901155,553.9731243620857,3.3568878858672235,3.325482773480914,1038.0,103.0,1038.0,12.0,452826.60119806754,452865.4227536233,38.821555555556564,825.7346376811595,515.3197342995169,514.2871739130434,95.10987922705314,13.913188405797095,83.8398844141467,23.789967312784107,283.44600561836546,97.57609341981475,818.6435990338163,93.34623409732329,315.6589428656844,99.05677680334145,169.0,1038.0,158.0,1249890.6699321533,1250658.0725899707,771.4020412979362,796.9223230088495,473.41445427728615,796.9223230088495,454.5292920353982,0.8624034572984441,0.8603700932509035,1038.0,158.0,339.0,261505.29200000037,270548.0839999999,771.4020412979361,338.0,10398.583000001032,30.76503846154152,44.611994424617706,4.346153846153847,0.0,26.0,26.0,113.0,139.0,4994.697598130823,6.280373831775701,9744.792560747677,1508.242898228603,0.018691588785046728,5.4672897196261685,702.4928598130736,0.2795640693754488,4400.444682242969,4286.589962616824,585.8063177570143,594.2529158878541,0.38317757009345793,1250169235.867381,829.2351748096683,460.1048698351689,820.219520289748,444.1364099342154,3.390945524429004,3.3276262842782174,1038.0,168.5,1038.0,158.0,1250259.3056538464,1250290.0706923078,30.765038461541515,800.3239644970414,453.5369082840237,453.9589792899408,39.06649408284023,12.228106508875738,53.18157179197766,25.017197732906748,173.9373837749416,81.61596260719651,791.5438017751479,63.921996375245115,197.46989354659553,44.611994424617734,172.5,1038.0,166.0,1644395.6373468207,1645253.6082601158,861.9704248554887,810.8159176300578,449.8872832369942,810.8159176300578,425.69726878612715,0.9095092703671881,0.9458782103095484,1038.0,166.0,346.0,298241.766999999,306976.67800000013,861.9704248554888,345.0,10118.742000000086,29.329686956521986,41.834685535644034,4.384615384615385,0.0,26.0,26.0,114.0,140.0,5570.265385321115,6.275229357798165,10913.695155963267,1982.9639507918223,0.01834862385321101,5.394495412844036,1044.5948165137675,0.25721387976568394,4940.038293577998,4837.2237798165115,619.6237981651221,630.2270917431174,0.3669724770642202,1651643110.7269292,828.4102849400024,445.9537238935286,819.7978419084595,426.39065339465566,3.4209184005836906,3.35530480893255,1038.0,172.0,1038.0,166.0,1644790.200153623,1644819.52984058,29.329686956521986,814.5338260869567,424.9673043478261,424.8799275362319,36.17631884057972,11.994768115942028,49.87552263842533,27.196863290777518,163.76693930906214,79.05806909264624,805.6314492753625,62.33766670272875,187.13612047074713,41.834685535644034
1174,1,75.5,1174.0,12.0,376842.3344671053,377376.52563157893,538.1907960526296,820.7280263157895,515.2171052631579,820.7280263157895,531.1632565789474,0.6864699835773349,0.45389516304867916,1174.0,12.0,152.0,81805.00099999971,87732.29600000005,538.1907960526296,151.0,6535.239000000176,43.279728476822356,145.2923974913806,5.882352941176471,0.0,17.0,17.0,100.0,117.0,1686.9359499999998,3.0,3251.083559999985,1194.2384432428776,0.0,2.66,539.3978299999987,0.3348125274258983,1537.5513400000002,1479.4761699999933,146.06560999999928,149.38460999999953,0.27,380654954.39526826,838.4764202033095,548.93145553175,824.0092596982267,563.5897588549026,3.5996052331677073,3.514005561380316,1174.0,75.0,1174.0,12.0,377064.3229536424,377107.6026821192,43.279728476822356,817.9315231788079,532.369536423841,529.9449999999999,144.15652317880796,9.975463576158935,120.48198558495753,22.251899055300793,569.2708766277602,199.44515931854022,822.7663245033111,127.04206746415827,625.6635209897235,145.29239749138057,101.0,1174.0,158.0,981215.3641527094,981641.7871871921,430.4225073891613,823.0260837438423,495.80049261083747,823.0260837438423,510.5169458128078,0.5752994092053186,0.4428218727858386,1174.0,158.0,203.0,87375.76899999974,95507.659,430.42250738916135,202.0,8943.783000000403,44.27615346534853,88.60849212081006,4.625,0.0,24.0,24.0,111.0,135.0,1709.833112149533,3.7570093457943927,3250.1012336448507,898.9622761161202,0.028037383177570093,3.317757009345794,432.6808878504682,0.32782315785843763,1532.1010000000024,1450.0471495327051,175.00346728972002,177.73211214953062,0.35514018691588783,980726162.8442277,858.4873648507181,491.6230651982748,837.4509203969683,501.9688333821867,3.6315849420041038,3.515418533562246,1174.0,100.5,1174.0,158.0,981409.9248366337,981454.200990099,44.27615346534853,820.1746287128714,512.061410891089,509.96428217821784,87.66116336633664,8.644752475247524,78.72711705502076,16.43723140225875,385.9786690362487,135.91180304633852,824.6885148514853,84.08927515470334,419.204760383083,88.60849212081007,127.5,1174.0,166.0,1202478.3429726562,1203134.2541484376,659.9109023437541,808.6907324218749,477.060546875,808.6907324218749,495.196455078125,0.7005844706922885,0.555273037620917,1174.0,166.0,256.0,168937.19100000098,180796.10799999998,659.9109023437538,255.0,12882.846999999369,50.52096862744849,82.51543154766146,6.9375,0.0,16.0,16.0,111.0,127.0,3232.5239541284514,4.605504587155964,6169.736440367023,1403.9969244895315,0.06422018348623854,4.091743119266055,710.9600825688157,0.24333043458634174,2932.3656788990907,2793.956100917453,290.912119266058,300.1582752293608,0.29357798165137616,1200445756.8778896,811.3477568853003,464.5548651697821,781.6124222984182,481.8225705121115,3.493303174427608,3.389933414445305,1174.0,127.0,1174.0,166.0,1202790.3027764703,1202840.823745098,50.520968627448504,803.6476274509805,496.421568627451,491.4349803921569,79.52792156862743,12.691333333333334,78.71204627072628,33.90507397599591,675.3232514106534,391.06768109925105,806.978450980392,92.00179977933385,804.7529948381168,82.5154315476615
1350,1,108.5,1350.0,12.0,456665.4178944954,457204.5043073395,543.0859541284412,827.6780389908257,505.9770642201835,827.6780389908257,516.6702637614679,0.7145839613896159,0.7947870055771084,1350.0,12.0,218.0,118392.73800000017,127444.57200000001,543.0859541284412,217.0,9923.734000000404,45.731493087559436,102.5133645102742,3.057142857142858,0.0,35.0,35.0,107.0,142.0,2475.015309999998,4.32,4709.474000000008,1221.5868851759212,0.0,3.54,567.1894200000056,0.2687365054230834,2125.7286299999996,2014.6518200000062,340.08517999999805,349.2866799999983,0.52,469561147.7126718,784.4189135755979,566.9156097407896,805.2556740726794,584.8935536308292,3.7671402121383295,3.596212891483086,1350.0,108.0,1350.0,12.0,456853.9190322581,456899.65052534564,45.731493087559464,826.4178110599079,517.3773271889402,515.3446313364054,98.4070276497696,13.022188940092164,113.62958842451984,40.72185981940362,649.9458104739299,453.6516767260965,826.1631797235021,130.8451377406,850.1803878758823,102.51336451027423,130.0,1350.0,158.0,1099273.2984674328,1099808.0849348658,538.7859808429085,861.0270402298851,486.132183908046,861.0270402298851,502.301245210728,0.7249300763199359,0.6978482308643927,1350.0,158.0,261.0,140623.14099999913,150454.636,538.7859808429084,260.0,10875.367999999897,41.82833846153807,87.83562613319899,3.131578947368421,0.0,38.0,38.0,119.0,157.0,2730.7778598130994,4.803738317757009,5236.752822429878,1101.9360917715865,0.037383177570093455,3.8878504672897196,559.3918224299091,0.31064723707201775,2327.7887943925293,2226.375514018682,392.0008971962564,402.98906542057017,0.5887850467289719,1101344626.8314948,815.648193997714,496.0311435710678,849.3457561338686,503.04411786597205,3.9485956564501983,3.7048241580052634,1350.0,129.5,1350.0,158.0,1099512.8471269233,1099554.6754653847,41.82833846153808,855.1919615384616,502.9507307692308,499.04721153846157,84.38230769230768,13.79636538461539,92.01752468063306,31.425103136596164,605.0768738472603,337.84985581320285,860.0824615384615,104.100544843856,725.9482267640412,87.83562613319897,157.0,1350.0,166.0,1409504.9366190475,1410305.8290952381,804.8921111111218,787.5474761904762,477.55555555555554,787.5474761904762,489.9469126984127,0.7565823836575086,0.7792431499346464,1350.0,166.0,315.0,253541.01500000342,270015.75499999983,804.8921111111221,314.0,17734.624999998137,56.47969745222336,60.766076319383494,3.5294117647058822,0.0,34.0,34.0,120.0,154.0,4884.697504587158,5.743119266055046,9289.729211009304,1682.224271248109,0.027522935779816515,4.6880733944954125,815.3826146789062,0.29962040744132934,4086.462844036701,3882.88353211014,761.9810733945118,798.2346605504564,0.5045871559633027,1415913882.071509,754.441894861543,485.4194030801126,788.0627079816378,493.7793491781431,3.847220346512661,3.632104842292314,1350.0,156.5,1350.0,166.0,1409858.117388535,1409914.5970859872,56.47969745222337,787.3415286624204,490.13277070063697,488.7754458598726,56.23199044585988,12.8271974522293,91.11016617214666,44.40476622290082,896.6142083553681,580.6222832445324,785.0906210191083,109.6015519320534,1105.1430741909526,60.76607631938348
1693,1,92.0,1693.0,12.0,396254.1248486487,396714.88289729727,464.7578486486486,830.1743918918919,538.5756756756757,830.1743918918919,538.9276081081081,0.6016368588198023,0.50376249152921,1693.0,12.0,185.0,85980.20199999999,92995.79399999998,464.75784864864835,184.0,7755.555000000112,42.1497554347832,123.20380888843783,3.375,0.0,32.0,32.0,108.0,140.0,1762.7675799999997,3.61,3393.1434600000002,1100.2234786420627,0.0,2.98,485.0817500000022,0.38273933132555044,1468.8623500000003,1404.507490000003,292.0642399999971,293.9052299999993,0.5,395934752.49972045,824.5847232615147,533.6305414355137,824.7779757450651,529.310746570335,3.442540747430439,3.1440055046660644,1693.0,91.5,1693.0,12.0,396466.4273152173,396508.57707065216,42.1497554347832,829.299320652174,540.8060597826087,537.1005706521738,121.73888586956522,10.40125,100.59486815109196,21.891538128401606,443.13793340846934,163.5373623799003,831.0063043478261,108.17245916012824,492.3441014400827,123.20380888843778,102.0,1693.0,158.0,943633.9953512194,943960.2297951218,330.23401463415087,835.0296219512194,477.19268292682926,835.0296219512194,480.7357560975609,0.5983339361646245,0.5359619514490631,1693.0,158.0,205.0,67697.97300000093,73657.43299999996,330.2340146341508,204.0,6779.371999999625,33.23221568627266,110.39041130854174,2.16,0.0,50.0,50.0,108.0,158.0,1313.755149532709,3.794392523364486,2514.3244112149864,605.071999139207,0.07476635514018691,3.05607476635514,282.7714112149573,0.39484779918664203,1077.8036448598075,1021.921990654218,235.2402149532752,235.95150467290142,0.616822429906542,943074463.763275,827.3973846237375,475.1053773482463,824.8781827559995,475.11761048973824,3.4431784124226295,3.1434439135628187,1693.0,101.5,1693.0,158.0,943784.0486862744,943817.2809019609,33.23221568627267,831.7299754901961,482.28860294117646,479.08490196078435,109.56230392156863,9.448308823529414,81.71082203733346,9.14121239815314,215.5727069925493,22.149520931661442,836.6421323529412,83.874028766565,216.3977915287074,110.39041130854176,177.0,1693.0,166.0,1205524.6606985915,1206176.8927830986,656.2371239436594,810.5487323943662,460.6591549295775,810.5487323943662,468.03193661971835,0.6837467046940605,0.6436862657168093,1693.0,166.0,355.0,232964.178999999,245729.9840000002,656.2371239436595,354.0,14187.593999999808,40.07794915254185,56.44358529456411,2.9545454545454533,0.0,44.0,44.0,130.0,174.0,4426.540871559647,6.458715596330276,8521.555779816481,1428.6453584149722,0.027522935779816515,5.192660550458716,647.6536422018411,0.37535195952807765,3626.3566697247757,3480.0676330275014,780.7102568807388,800.1842018348707,0.7064220183486238,1207762960.353775,810.0502106618006,464.2932135292776,807.2111394962363,467.1930999706735,3.4519155071849847,3.1243847958551925,1693.0,176.5,1693.0,166.0,1205825.036779661,1205865.1147288135,40.077949152541834,810.0780367231638,468.7563559322034,467.3142090395481,52.68206214689265,10.75375706214689,73.89129730061795,28.619476970166517,385.07300854551505,224.48283051180562,809.0143644067797,85.59646611103426,471.43157382660394,56.443585294564116
